pickup_day_of_week,pickup_day_name,pickup_hour,total_trips,total_revenue,average_total_amount,average_trip_distance,average_trip_duration
0,Monday,0,11313,356189.42,31.484965968354988,4.267067974896137,15.443625327793983
0,Monday,1,9014,262510.74,29.122558242733525,3.5679210117594855,15.441544634272613
0,Monday,2,6876,187775.16,27.308778359511344,3.266425247236765,13.991184312584837
0,Monday,3,5331,151892.81,28.49236728568749,3.529352841868317,13.312496092040268
0,Monday,4,3893,121115.46,31.11108656563062,4.399391215001285,13.803262265604932
0,Monday,5,3511,124264.62,35.39294218171461,5.78823981771575,15.847180290515523
0,Monday,6,6726,212565.0,31.603479036574488,5.059107939339874,16.631797006640895
0,Monday,7,12176,338188.0,27.77496714848883,3.870502628120893,15.668960797196672
0,Monday,8,16411,434929.08,26.502289927487663,3.294333069282798,15.553484451485792
0,Monday,9,17676,481887.72,27.262260692464356,3.323093460058837,15.564663951120163
0,Monday,10,18592,515867.6,27.746751290877796,3.4827985154905337,15.478459373207114
0,Monday,11,20047,527381.29,26.3072424801716,3.243828004190153,14.833048170133518
0,Monday,12,22210,581271.44,26.171609185051775,3.245795137325529,14.413093201260693
0,Monday,13,23084,639780.67,27.71532966556923,3.5588693467336685,15.254318286836481
0,Monday,14,25734,745786.93,28.980606590502838,3.7244159477733736,16.295145203492137
0,Monday,15,26341,734620.94,27.888878174708626,4.620646520633233,16.058133707907825
0,Monday,16,25712,788982.1,30.68536481020535,3.7611068761667705,16.198247899813317
0,Monday,17,27301,789186.83,28.90688363063624,3.3845404930222336,15.29143560064955
0,Monday,18,27687,762566.67,27.542408711669736,3.1722270379600532,13.724033541613993
0,Monday,19,22893,673961.07,29.439613418949023,3.693892019394575,13.392654232006873
0,Monday,20,19928,583712.26,29.291060818948214,3.8796813528703327,13.301440184664791
0,Monday,21,17683,525466.62,29.715920375501895,4.0471243567268,13.270676167317008
0,Monday,22,13274,439868.61,33.13760810607202,4.802489076389935,14.094514338807695
0,Monday,23,9592,351531.76,36.64843202668891,5.670213719766473,15.670372880177927
1,Tuesday,0,6067,214049.36,35.28092302620735,5.516797428712708,15.247925938135268
1,Tuesday,1,2464,89272.74,36.230819805194805,5.773920454545455,14.896435335497834
1,Tuesday,2,1217,40194.409999999996,33.0274527526705,5.109819227608874,13.713790742262395
1,Tuesday,3,879,32240.84,36.67899886234357,5.9306029579067125,14.241751990898749
1,Tuesday,4,1101,45146.11,41.00464123524069,6.911671207992734,16.55104450499546
1,Tuesday,5,2925,110536.87,37.7903829059829,6.3743316239316234,17.64074074074074
1,Tuesday,6,7503,218563.41,29.130135945621753,46.184979341596694,16.051212848194055
1,Tuesday,7,16494,430228.54,26.083942039529525,6.98826239844792,15.769077644395942
1,Tuesday,8,22185,575479.96,25.940047780031552,4.575720982645931,16.629524453459545
1,Tuesday,9,23015,618180.31,26.85988746469694,2.9845392135563764,17.264872908972407
1,Tuesday,10,23397,636130.24,27.18853870154293,4.552845236568791,17.45233292017495
1,Tuesday,11,24844,652143.19,26.249524633714376,2.8035215746256643,16.94417766865239
1,Tuesday,12,25185,677642.38,26.90658646019456,3.0624101647806237,16.565930117133213
1,Tuesday,13,26052,696267.46,26.72606556118532,3.1694737448180565,16.08854598495317
1,Tuesday,14,28838,793631.52,27.520338442333035,3.2705010749705252,16.8220010634117
1,Tuesday,15,29721,802227.99,26.991958211365702,3.1375492076309683,17.031373439655464
1,Tuesday,16,29057,884104.17,30.426546787349004,3.3588732491310185,16.923739546408783
1,Tuesday,17,33124,936962.61,28.286517630720926,2.93146208187417,15.52979410699191
1,Tuesday,18,34095,913096.49,26.780949992667548,2.724894266021411,13.739428068631764
1,Tuesday,19,28275,770247.52,27.24129160035367,2.993101679929266,12.777381078691423
1,Tuesday,20,25341,666918.35,26.31775975691567,3.2128526893177063,12.635531352353892
1,Tuesday,21,26366,697250.95,26.44507888947887,3.307845331108245,12.884376975397608
1,Tuesday,22,19584,550203.93,28.094563419117648,3.701670751633987,13.200784654139433
1,Tuesday,23,11150,353391.22,31.6942798206278,4.577783856502243,14.223264573991031
2,Wednesday,0,6366,221994.66,34.87192271442036,5.323859566446749,14.837870457639543
2,Wednesday,1,2541,85308.65,33.572865013774106,5.186619441164896,14.02578381214745
2,Wednesday,2,1564,50763.34,32.45737851662404,4.951521739130435,13.467881500426257
2,Wednesday,3,1051,40665.49,38.69218839200761,6.307183634633683,14.878005074532192
2,Wednesday,4,1199,55247.36,46.07786488740617,7.821259382819016,18.219293855991104
2,Wednesday,5,3080,115961.04,37.64968831168831,6.352529220779221,17.340616883116883
2,Wednesday,6,7680,218684.21,28.474506510416667,4.3420533854166665,15.694789496527779
2,Wednesday,7,17440,438322.48,25.133169724770642,5.275022362385321,14.863897171253823
2,Wednesday,8,24130,597411.14,24.75802486531289,5.76375300455864,15.515720403370631
2,Wednesday,9,24624,631191.26,25.633173326835607,2.8698647660818715,15.943033219623132
2,Wednesday,10,23671,628468.31,26.550137721262306,2.97187233323476,16.5637165026122
2,Wednesday,11,24932,655056.65,26.273730547088082,3.3275766083747795,16.68988582277127
2,Wednesday,12,26864,710755.83,26.45755769803454,5.080352516378797,16.629383809807425
2,Wednesday,13,27525,742446.92,26.973548410535876,3.0997522252497727,16.625426581895244
2,Wednesday,14,29743,818268.42,27.51129408600343,3.717668022728037,17.195036367100382
2,Wednesday,15,30738,850901.32,27.682390526384278,3.226641941570694,17.69822749257163
2,Wednesday,16,30565,930152.13,30.431936201537706,3.288631441190905,17.72561917225585
2,Wednesday,17,34665,983884.27,28.382641569306216,2.8655848838886486,16.130791384201164
2,Wednesday,18,36758,992389.44,26.99791718809511,2.70788508623973,14.297810453960135
2,Wednesday,19,31337,868068.76,27.701080511854997,3.033636276605929,13.5085293210369
2,Wednesday,20,28733,766631.6,26.681223680089094,3.2470278077471897,13.292936112947947
2,Wednesday,21,28033,745848.16,26.606077123390293,3.320069917597118,13.035051546391752
2,Wednesday,22,23127,641766.39,27.74966013750162,3.5796839192286076,13.235816722157363
2,Wednesday,23,14188,430611.35,30.350391175641384,4.2237263884973215,13.950960905929895
3,Thursday,0,5396,175692.96,32.559851742031135,4.893563750926612,14.247408574252532
3,Thursday,1,2500,69208.61,27.683444,3.920176,12.214066666666668
3,Thursday,2,1399,38189.73,27.297877055039315,3.912709077912795,12.188515606385513
3,Thursday,3,1004,34194.4,34.05816733067729,5.355906374501992,14.08446215139442
3,Thursday,4,1017,39633.54,38.971032448377585,6.420265486725664,16.17340216322517
3,Thursday,5,2429,86892.21,35.77283244133388,5.8941045697818035,16.52995745848772
3,Thursday,6,6272,177285.69,28.266213329081634,4.3078778698979585,15.688416772959183
3,Thursday,7,13637,342662.91,25.127440786096646,5.687480384248735,15.039456380924447
3,Thursday,8,19659,488337.09,24.840383030672974,7.789358054834935,15.76006154941757
3,Thursday,9,20068,507626.02,25.295296990233208,2.7679923260912895,15.737576406883264
3,Thursday,10,19711,523542.44,26.560927400943637,2.9650195322408806,16.786629293288012
3,Thursday,11,20156,533695.75,26.47825709466164,2.901559833300258,16.913954488324404
3,Thursday,12,21466,574329.54,26.755312587347436,3.0370814311003445,16.840085872232056
3,Thursday,13,21995,607154.85,27.604221413957717,3.206294157763128,17.0100477381223
3,Thursday,14,24239,696144.21,28.72000536325756,3.397118693015388,17.889077519699658
3,Thursday,15,26163,734529.63,28.0751301456255,3.3035901846118567,17.939853992279176
3,Thursday,16,26372,814153.09,30.87187509479751,3.352989913544669,18.047183881894938
3,Thursday,17,30618,891821.92,29.127373440459863,2.9659932066104906,16.959539051102837
3,Thursday,18,32952,899798.51,27.306339827628065,2.719524156348628,14.9731948490734
3,Thursday,19,28210,793917.08,28.14310811768876,3.07534136830911,14.015665248729766
3,Thursday,20,25406,688767.5599999999,27.110429032512002,3.2760950169251357,13.743220761499908
3,Thursday,21,26336,713246.14,27.082553918590524,3.3426777035236936,13.65299653199676
3,Thursday,22,23303,640399.79,27.481431146204354,3.4585971763292283,13.709245590696476
3,Thursday,23,15722,461051.69,29.325256964762755,3.963146546240936,13.96977589789255
4,Friday,0,8429,240476.26,28.52963103571005,3.938088741250445,13.084648238225174
4,Friday,1,4594,124298.87,27.056784936874184,3.711745755333043,12.047783340589175
4,Friday,2,2517,61911.88,24.597489074294796,3.240667461263409,11.29072308303536
4,Friday,3,1648,46218.26,28.04506067961165,4.0214259708737865,12.037904530744337
4,Friday,4,1365,50181.32,36.76287179487179,5.769824175824176,15.763577533577534
4,Friday,5,2459,91905.35,37.375091500610004,27.02312322082147,16.40793005286702
4,Friday,6,5976,177986.86,29.78361111111111,10.007545180722893,16.075666555109326
4,Friday,7,12547,323598.22,25.79088387662389,6.940150633617598,14.997927791503946
4,Friday,8,16848,420444.6,24.955163817663816,3.019514482431149,14.763738524849636
4,Friday,9,17789,453716.76,25.505467423688795,3.0525043566248806,14.823974553563064
4,Friday,10,19095,489387.84,25.629109190887668,2.991890023566379,15.191935061534434
4,Friday,11,19316,494407.33,25.595740836612137,2.9262062538827913,15.37025868019604
4,Friday,12,20415,527814.71,25.854259613029633,3.044280675973549,15.388910931504611
4,Friday,13,21581,563076.0,26.091283999814653,3.120364672628701,15.492014580726876
4,Friday,14,24055,667610.87,27.75351777177302,3.323891082934941,17.107499480357514
4,Friday,15,24836,680904.12,27.416013850861653,5.608806973747785,17.575012079239812
4,Friday,16,24946,768388.31,30.802064860097815,3.4096520484245967,17.544671156364412
4,Friday,17,27224,781160.07,28.693802159858947,3.0399309432853365,15.925181824860418
4,Friday,18,28155,769684.66,27.337405789380217,2.8617698454981353,14.330681347303615
4,Friday,19,25905,718077.57,27.719651418645046,2.9684852345107124,13.908868300842823
4,Friday,20,20625,550100.85,26.671556363636363,3.133716363636364,13.76434585858586
4,Friday,21,21368,578369.16,27.067070385623364,3.236341257955822,14.048120242106577
4,Friday,22,23385,628283.54,26.86694633311952,3.1736241180243745,14.358503314090228
4,Friday,23,21078,559097.86,26.525185501470727,3.2555123825789924,14.003203972546414
5,Saturday,0,17808,443303.67,24.89351246630728,3.0176325247079965,12.836560347409405
5,Saturday,1,13730,315675.38,22.991651857246904,2.660681718863802,11.57382495751396
5,Saturday,2,9862,220620.38999999998,22.37075542486311,2.6260352869600485,11.16878422226729
5,Saturday,3,5807,140233.22,24.148996039262958,3.051723781642845,11.373144480799036
5,Saturday,4,3016,85211.78,28.25324270557029,4.009370026525199,12.519269451812557
5,Saturday,5,1529,63415.53,41.475166775670374,6.954846304774362,15.827752343579682
5,Saturday,6,2763,91014.56,32.9404849800941,5.315707564241766,13.33443720593558
5,Saturday,7,4510,137052.43,30.388565410199554,4.7039135254988915,12.530432372505544
5,Saturday,8,7848,207502.84,26.440219164118247,14.158436544342509,11.643476044852191
5,Saturday,9,12243,298383.95,24.37180021236625,3.21095401453892,11.432267418116474
5,Saturday,10,15998,367865.17,22.994447430928865,2.8361751468933614,11.581038254781848
5,Saturday,11,19084,439168.34,23.012384196185288,2.7156549989520014,12.0972952909942
5,Saturday,12,23042,532995.67,23.131484680149295,2.6520584150681366,12.69108439660909
5,Saturday,13,23251,572184.13,24.609011655412672,2.8635555459980218,13.901919630696888
5,Saturday,14,23546,601648.21,25.552034740507942,4.765481610464622,14.618552337268893
5,Saturday,15,25102,648360.47,25.829036331766392,4.528826388335591,15.296997583193903
5,Saturday,16,26940,702059.0599999999,26.06009873793615,3.008175946547884,15.778098861667905
5,Saturday,17,26529,673796.63,25.39849334690339,2.855051076180783,15.865989420382725
5,Saturday,18,27031,671848.2,24.854729754726055,2.7171155340164996,15.371252759177734
5,Saturday,19,26033,650914.8,25.003449467982946,2.7703192102331657,15.054372015006594
5,Saturday,20,20858,542494.07,26.00892079777543,2.978785597852143,14.309243455748394
5,Saturday,21,22257,580777.67,26.094157793053874,3.02918317832592,14.113565020742536
5,Saturday,22,24097,633456.26,26.287764452006474,3.096027721293107,14.239239324397229
5,Saturday,23,24039,635006.48,26.415677856816007,3.250494196929989,14.00005962533106
6,Sunday,0,19787,495894.4,25.061626320311316,3.064986101986152,12.847279358501373
6,Sunday,1,15594,359970.29,23.083897011671155,2.681531999486982,11.784429908939336
6,Sunday,2,11502,259790.86,22.5865814640932,2.6292123109024517,11.309944647307715
6,Sunday,3,7203,166668.28,23.138731084270443,2.80399416909621,11.0329237817576
6,Sunday,4,3672,98877.41,26.927399237472766,3.7334504357298472,12.00221042120552
6,Sunday,5,1554,63903.81,41.122142857142855,6.818893178893179,15.291752466752468
6,Sunday,6,2473,91356.68,36.941641730691465,6.25268095430651,14.46647122253673
6,Sunday,7,4020,133557.8,33.22333333333333,14.702057213930349,12.982860696517413
6,Sunday,8,6370,173118.61,27.177175824175823,3.905954474097331,11.550954997383569
6,Sunday,9,10126,259981.77,25.674676081374677,3.516425044440055,11.239051287115675
6,Sunday,10,14872,360929.19,24.269041823561054,3.139478214093599,11.214237045006275
6,Sunday,11,18280,433204.79,23.698292669584244,6.883325492341357,11.568954230488695
6,Sunday,12,20643,505953.24,24.50967591919779,2.962292786901129,12.694538907458542
6,Sunday,13,21723,556762.88,25.630110021636053,3.127623716797864,13.711306756279827
6,Sunday,14,21724,596315.21,27.44960458479101,3.4481020990609466,14.742993156570305
6,Sunday,15,20954,586345.28,27.982498806910378,3.5645723966784386,15.107564983614903
6,Sunday,16,21237,610909.78,28.766293732636438,3.719465084522296,15.753495471739575
6,Sunday,17,20705,578144.27,27.92293021009418,3.6166848587297755,15.283832407631007
6,Sunday,18,19479,524898.36,26.946884336978282,3.3955747214949428,13.995573010250355
6,Sunday,19,16035,467420.31,29.15000374181478,3.9999413782351105,14.033282403076603
6,Sunday,20,14570,443135.89,30.414268359643103,4.151227179135209,13.497855181880576
6,Sunday,21,13784,438783.81,31.832835896691815,4.533410475914104,13.692673873089573
6,Sunday,22,11392,387809.9,34.04230161516854,5.053568293539326,14.191653499531837
6,Sunday,23,8789,303506.5,34.53254067584481,5.233083399704175,13.895450752834984
