dropoff_borough,dropoff_zone,total_trips,total_revenue,average_total_amount,median_total_amount,average_trip_distance,average_trip_duration,average_revenue_per_mile,average_tip_percentage,trip_share_percentage
Manhattan,Upper East Side North,139349,2952274.14,21.18618820371872,18.0,2.755492253263389,11.373065707922793,16.303326704729713,23.053206145894695,4.858692449708599
Manhattan,Upper East Side South,127599,2549331.15,19.979240824771352,17.16,1.834248387526548,11.006400650997787,17.7358558457877,22.9795508762822,4.44900428342053
Manhattan,Midtown Center,109213,2530428.87,23.16966725572963,18.71,2.854364315603454,13.463662140343487,19.868607201852097,21.36374368351625,3.807938187644153
Manhattan,Times Sq/Theatre District,87580,2580696.05,29.46672813427723,20.3,3.3049045444165333,17.07794930349395,22.796062419657645,19.795217773637752,3.0536586896603426
Manhattan,Lincoln Square East,87575,1935931.43,22.10598264344847,18.8,2.5568878104481874,12.284152631078124,16.980961310388025,22.707650865884922,3.0534843542704326
Manhattan,Upper West Side South,87183,2022243.79,23.195391188649165,18.96,2.4737491254028883,12.415529786005681,14.696688022203789,23.23045491344969,3.039816459701503
Manhattan,Murray Hill,84493,1928950.06,22.829702578911863,18.48,2.22889304439421,12.35636206549655,17.82778121976158,21.962642655072226,2.9460240199300216
Manhattan,Midtown East,83102,1932606.82,23.255840051984308,18.75,7.184074871844239,12.848615957899128,18.12059802771663,21.83143111756926,2.897523914457111
Manhattan,Lenox Hill West,81666,1784315.52,21.84893982808023,18.12,2.167502387774594,11.657844757916392,16.881760627155025,22.432625900532827,2.8474547904750116
Manhattan,East Chelsea,72324,1731575.6,23.941922460040928,19.2,2.5139468226314916,13.362498617333111,17.266725915554147,27.5327523313273,2.5217265479675106
Manhattan,Upper West Side North,71891,1700737.75,23.6571719686748,19.32,2.635305531985923,12.604559216962716,14.322568161668144,22.49794549598206,2.506629103201321
Manhattan,Midtown North,70962,1719307.47,24.228565570305232,18.84,2.446540401905245,14.067899955844911,18.07500057724385,21.437874256357762,2.4742375877560767
Manhattan,Clinton East,69703,1761519.48,25.271788588726455,19.3,3.2365704489046383,14.50067620236336,20.008221900037306,20.259336417157584,2.430339936576785
Manhattan,Union Sq,66642,1443600.71,21.662025599471804,18.1,2.071178686113862,11.938472484819384,17.42543271560771,22.755223367364096,2.3236118108739956
Manhattan,Lenox Hill East,63646,1446618.43,22.729133488357476,19.6,2.3011686516041854,13.443346531334779,15.582467025269805,20.916681296197073,2.2191500452400335
Manhattan,Yorkville West,63470,1492199.38,23.51031006774854,19.5,2.569295415156767,12.31001129142377,15.163736715427158,22.348922652079594,2.213013439515208
Manhattan,Sutton Place/Turtle Bay North,62477,1400167.93,22.41093410375018,18.5,2.231412039630584,11.955302484647683,15.847537712977205,21.999596760053738,2.178390431079119
Manhattan,Penn Station/Madison Sq West,62190,1409441.83,22.66348014150185,18.84,3.283872809133301,13.219442032481107,20.113378912131143,20.922193606961695,2.168383579698295
Manhattan,Midtown South,58027,1507704.73,25.98281369017871,18.9,2.7589441122236202,13.983375555057703,19.187913159874373,21.195468791885528,2.0232319340593823
Manhattan,East Village,56979,1371619.85,24.072374910054585,19.68,2.6112725741062497,13.131821665291891,17.11885301407604,21.522144203075715,1.9866912363342846
Manhattan,Gramercy,56712,1281012.36,22.588030046550998,18.48,2.3120702849485117,11.959132693844925,16.164225984876143,22.36672024920775,1.9773817265131004
Manhattan,West Chelsea/Hudson Yards,56265,1243621.12,22.102925797565096,19.32,2.167582333599929,12.681599277229775,15.19121837369147,21.749833911965556,1.9617961426551627
Manhattan,West Village,49736,1102371.63,22.164460953836254,18.48,2.203550345825961,12.333688542169321,17.159792814541284,23.261700704015162,1.7341489905109246
Manhattan,Lincoln Square West,47497,1098838.81,23.134909783775818,19.8,2.393998778870244,13.140017264248268,15.037279237183354,21.94846661895142,1.656081602909309
Manhattan,Yorkville East,47265,1173249.42,24.822795303078387,20.52,2.7197488627948796,13.301118163545963,15.328023565939928,22.354659747712287,1.6479924408174935
Manhattan,UN/Turtle Bay South,43383,1034273.39,23.840522554917825,18.96,2.4965972846506697,12.436266125748181,16.537294992408487,21.382992118118004,1.5126384440915122
Manhattan,TriBeCa/Civic Center,43008,1215004.0,28.250651041666668,23.1,3.564435221354167,16.7591316344246,14.652593495132313,20.946392151964567,1.4995632898482758
Manhattan,Flatiron,42163,988570.26,23.44639280886085,18.1,2.4655591395299195,12.308503506233745,17.182601715427754,22.962642327068675,1.470100608953517
Manhattan,Kips Bay,37957,813923.46,21.443303211528836,18.2,2.1913051611033536,11.865319967331454,15.253318075031082,20.641492346828866,1.3234496789613794
Manhattan,Garment District,37582,940497.63,25.025214996540896,18.7,2.55611276675004,14.49006882727547,20.03207991068818,19.56163099590401,1.3103745247181433
Manhattan,Greenwich Village North,37578,896626.39,23.860407419234658,19.1,3.501247272340199,13.187264711622047,17.97957686254474,23.09391410786717,1.3102350564062153
Manhattan,East Harlem South,34552,787285.45,22.78552471636953,18.78,2.707084105116925,13.049456374932468,14.586448433980804,18.238271921101237,1.2047272784327945
Manhattan,Central Park,33322,732808.34,21.991727387311684,18.75,4.63128953844307,12.638369545645519,16.535861981071076,21.2765079589696,1.1618407725149797
Queens,LaGuardia Airport,30085,2016756.94,67.03529798903108,67.54,12.939801894631877,27.44116337045039,24.281687710407457,21.064494555180296,1.0489760410873648
Manhattan,Clinton West,28845,673059.9,23.333676547061884,19.32,3.5387789911596466,13.565801120933726,15.720349959356064,20.33734377814604,1.0057408643897303
Manhattan,Manhattan Valley,28048,700092.61,24.960518040501995,20.3,3.0420158300057047,13.47099555523864,13.206245380330317,21.168450647553108,0.9779518032381055
Queens,JFK Airport,27416,2264413.37,82.59459330318063,90.0,15.241228114969362,41.628131991051454,80.99011591522657,15.288115921935441,0.9559158099535047
Manhattan,Greenwich Village South,26568,619087.2,23.301987353206865,19.32,2.40485697079193,13.439057638261568,17.203427996388868,21.99498809777904,0.9263485278247999
Manhattan,Meatpacking/West Village West,26476,640262.97,24.182768167396887,19.7,2.6151869617767036,13.76875157375233,16.480475386858725,22.887136448218655,0.9231407566504592
Manhattan,Lower East Side,25919,711988.57,27.469754620162814,22.25,3.2098533894054557,16.12653973275718,17.40163586292451,19.758787103938566,0.9037197942145057
Manhattan,Little Italy/NoLiTa,24162,622535.81,25.765077808128467,21.45,2.8316948100322823,15.797636095245979,18.071064902988073,20.37591845693849,0.8424583382001962
Manhattan,SoHo,21611,545954.88,25.26282356207487,20.64,6.177899680718153,15.17328675211698,16.25578190975982,21.286836751581884,0.753512422268208
Manhattan,Morningside Heights,20851,582141.59,27.91912090547216,22.65,5.144904800728982,15.422804661646925,12.733007544198582,19.470038460793667,0.727013443001916
Manhattan,Battery Park City,19491,653267.01,33.516341388333075,29.4,9.937225899132933,18.696692490551193,11.663375532923249,19.34741688162043,0.679594216946446
Manhattan,Financial District North,18814,666810.96,35.442274901668966,30.0,5.345796215584139,19.737321498175117,16.114703653241147,18.745482667524936,0.6559892051526568
Manhattan,East Harlem North,18200,451772.77,24.82267967032967,21.0,3.307437912087912,14.037947802197802,12.994611255847571,14.928191509729869,0.6345808192717313
Manhattan,Central Harlem,16468,485253.19,29.46643126062667,24.9,4.064550036434296,16.783831268723183,12.24102150447092,16.72169066789362,0.574191040206971
Unknown,Unknown,14125,379501.02,26.867328849557524,19.65,2.899771327433628,13.972733923303835,66.47590376427985,20.517455044583834,0.492497476495231
Manhattan,Hudson Sq,13597,357455.89,26.289320438331988,20.16,3.13283959696992,14.95239268466083,15.809913955554157,21.80410325290607,0.4740876593207545
Manhattan,Two Bridges/Seward Park,13271,380708.98,28.687286564689924,24.15,3.7524534699721195,16.464826815361818,11.971013472324472,17.025612455682737,0.46272099189863447
Manhattan,World Trade Center,12122,436814.81,36.03487955782874,30.6,5.511374360666557,20.476656767310125,13.604456178139172,18.096211674476976,0.42265871929735865
Manhattan,Stuy Town/Peter Cooper Village,11861,305783.04,25.780544642104374,20.52,3.895757524660653,13.49032122080769,12.465732633593698,21.714943340692212,0.41355841194406623
Manhattan,Alphabet City,11030,277828.81,25.188468721668176,21.36,2.950499546690843,14.141101541251134,13.63055483161142,19.35306611518138,0.3845838701410548
Unknown,Outside of NYC,10786,1316052.51,122.01488132764695,103.89,19.261215464491006,36.621033438407814,41.593857796265446,143.48139434827135,0.37607630311345575
Manhattan,Central Harlem North,10508,356674.09,33.94309954320518,30.7,5.305065664255805,20.143200418728586,11.22491655396655,12.369653507945994,0.36638325543447
Manhattan,Bloomingdale,10170,264436.12,26.00158505408063,21.36,4.834515240904621,14.05817764667322,11.9140765749103,20.690013923162656,0.3545981830765663
Manhattan,Financial District South,9243,325502.02,35.216057557070215,32.76,5.490339716542248,19.70435825309243,10.90023692183581,16.72251089584833,0.3222764017872864
Manhattan,Washington Heights South,8161,339954.15,41.65594289915452,38.86,7.354222521749786,22.34282359188008,9.628344626788158,13.389013329370869,0.28455022341080216
Queens,Astoria,7331,273528.34,37.31119083344701,33.9,5.587386441140363,22.254469603964896,12.212314981040226,15.650157037227853,0.25561054868577265
Manhattan,Seaport,7252,253006.62,34.88784059569774,29.66,5.1961555432984,20.02283048354477,14.13573511442581,18.576376159300885,0.2528560495251976
Manhattan,Chinatown,7009,199935.1,28.52548152375517,24.1,3.677658724497075,17.927814238835783,11.983752244452818,17.089474860485417,0.24438334957558047
Brooklyn,Brooklyn Heights,6984,318219.74,45.564109392898054,40.31,7.431208476517755,25.367246563573882,17.128769986079902,20.293687630976816,0.24351167262603143
Brooklyn,Park Slope,6898,408797.65,59.26321397506524,56.75,9.996082922586256,33.583480719049,8.824346652549421,18.753575289677322,0.24051310391958258
EWR,Newark Airport,6804,870873.98,127.99441211052321,124.62,18.439450323339212,36.871734763864396,25.727284791847136,16.164278172768405,0.237235598589278
Queens,Long Island City/Hunters Point,6555,261023.67,39.82054462242563,34.69,5.7476384439359265,21.240549199084665,18.293962565831478,19.253982889056367,0.22855369617176918
Manhattan,Hamilton Heights,6242,235952.11,37.800722524831784,34.59,6.126300865107337,21.001663462565418,11.51068243360764,14.330802190584835,0.21764030076341467
Brooklyn,Williamsburg (North Side),5990,291820.83,48.71800166944909,45.24,7.757956594323874,26.81279076238175,10.845078478658806,19.12443263416833,0.20885379711195995
Brooklyn,Greenpoint,5586,256378.45,45.896607590404585,41.5,7.100665950590763,24.230707721685167,7.88141868130301,20.14326481434064,0.1947674976072468
Brooklyn,Williamsburg (South Side),5295,233098.43,44.02236638338054,39.7,6.887204910292729,24.661850802644004,10.516015568515082,17.867903109822446,0.18462117791449548
Manhattan,Washington Heights North,4794,242205.53,50.522638715060495,47.4,9.305488110137672,25.126599221248785,12.213128805530506,15.136204995420554,0.16715277184553187
Queens,Sunnyside,4755,173895.55,36.57109358569926,33.4,5.576067297581493,21.54794251664914,16.831875010863012,14.460147654505164,0.1657929558042353
Brooklyn,Boerum Hill,4308,224037.34,52.00495357474466,47.04,8.848017641597028,30.41921618693903,7.542881642019084,17.951529073914863,0.15020737194629774
Brooklyn,Crown Heights North,4093,212541.11,51.927952602003415,54.6,9.00495235768385,34.84566332763254,8.470943686327283,13.053148044362809,0.14271095018017563
Manhattan,Manhattanville,3882,119215.27,30.709755280783103,27.22,4.610012879958784,17.539859179117293,12.650836164297946,14.29770915886309,0.1353539967259814
Queens,Steinway,3749,155570.78,41.49660709522539,39.87,6.51458522272606,22.71115408553392,11.495366627482827,15.63060878191967,0.13071667535438028
Brooklyn,Clinton Hill,3623,188693.71,52.08217223295611,52.4,8.778103781396632,30.941728769896034,7.6856161584555664,17.60867629856268,0.1263234235286529
Queens,Jackson Heights,3573,145538.25,40.732787573467675,40.2,6.414903442485307,23.515915663774607,12.21141670905654,11.913405002168647,0.12458006962955473
Queens,Forest Hills,3543,163339.14,46.10193056731584,44.4,7.9661078182331355,24.816868943456583,7.500103476126213,13.153040965132977,0.12353405729009584
Brooklyn,Downtown Brooklyn/MetroTech,3474,162655.58,46.82083477259643,41.4,8.001724237190558,27.5214881980426,20.52739727984483,16.324584111533724,0.12112822890934037
Brooklyn,Fort Greene,3407,161618.37,47.43714998532433,43.05,7.7719812151452885,28.824782310928484,8.049763964645724,17.381560485487444,0.11879213468454883
Brooklyn,DUMBO/Vinegar Hill,3402,140687.12,41.35423868312757,37.3,6.494817754262199,24.10688810503625,8.932674718592715,18.27839754888903,0.118617799294639
Brooklyn,East Williamsburg,3157,148763.01,47.12163763066202,43.7,7.734554957237885,25.339832119100414,13.254344513363346,17.13361949909494,0.110075365189058
Brooklyn,Bedford,2851,146137.31,51.258263767099265,51.66,8.688526832690284,33.059938033438556,8.428016832039162,12.985928127807396,0.09940603932657725
Queens,South Ozone Park,2710,97609.34,36.01820664206642,27.25,5.863169741697417,17.9009901599016,43.48592485119114,9.074455988662436,0.09448978133112045
Queens,Old Astoria,2696,105238.82,39.035170623145405,34.98,6.03651706231454,22.533376607319486,9.375885648844505,15.924010809076666,0.09400164223937295
Brooklyn,Bushwick South,2645,128579.89,48.612434782608695,49.51,8.096986767485822,31.07476370510397,10.962192636555558,14.41883834579911,0.09222342126229283
Brooklyn,Prospect Heights,2476,136005.66,54.92958804523425,56.64,8.946946688206785,33.560669089929995,7.789655989392331,18.837279471865386,0.08633088508334104
Queens,Baisley Park,2450,76245.22,31.120497959183673,24.125,5.219914285714286,16.034843537414968,17.087733105542,11.11222535579443,0.08542434105580998
Brooklyn,Stuyvesant Heights,2305,111964.3,48.574533622559656,51.4,8.046169197396962,32.65712942877802,8.00738168240169,13.850826696983637,0.08036861474842531
Brooklyn,Flatbush/Ditmas Park,2284,143998.86,63.04678633975481,67.56,11.832140980735552,37.783158201984826,9.89865514845678,12.726712262622511,0.07963640611080408
Brooklyn,Carroll Gardens,2213,127861.22,57.77732489832806,50.76,9.975661997288748,28.57235276397048,7.004515757891314,20.710811290337976,0.07716084357408469
Queens,Long Island City/Queens Plaza,2172,77788.78,35.81435543278084,31.865000000000002,5.225883977900553,21.20920042971148,10.575824932916372,15.969384873288341,0.0757312933768242
Brooklyn,Prospect-Lefferts Gardens,2166,115628.35,53.38335641735919,56.65,9.420697137580794,36.86286549707602,8.598861183168891,11.625909946202576,0.07552209090893243
Queens,Woodside,2003,75817.16,37.85180229655517,34.02,6.152106839740389,21.414952571143285,14.96860926249063,12.52637007355046,0.06983875719787241
Manhattan,Inwood,1875,97976.18,52.253962666666666,49.94,10.194170666666666,25.021955555555554,7.818910027189453,13.509369783150248,0.06537577121618111
Brooklyn,Cobble Hill,1815,92206.5,50.80247933884298,44.88,8.513101928374656,27.31892561983471,7.393381377523967,19.769333866757556,0.06328374653726332
Queens,Flushing,1729,77986.18,45.10478889531521,43.51,8.073175245806825,23.70608251397725,9.504570752891244,10.167942283975663,0.060285177830814475
Brooklyn,Bay Ridge,1722,120010.9,69.69274099883856,71.21000000000001,14.041817653890824,35.19904181184669,7.706876918071337,12.72789500737504,0.060041108284940733
Brooklyn,Bushwick North,1715,85005.22,49.56572594752187,50.6,8.213119533527697,29.331516034985423,8.476959474129059,16.43033313460876,0.059797038739067
Manhattan,Roosevelt Island,1681,73810.56,43.90872099940511,37.87,6.697358715050565,27.083025976601228,8.918404266107542,17.530666118283328,0.05861155808768024
Queens,Elmhurst,1672,69585.39,41.618056220095696,42.7,7.359443779904306,24.967145135566188,10.595842494000221,7.803174478157203,0.058297754385842566
Queens,Jamaica,1641,62740.02,38.23279707495429,34.75,7.149427178549664,23.75070079219988,16.83202840425882,6.1797184432329555,0.05721687496840171
Brooklyn,East New York,1564,60682.8,38.7997442455243,35.95,7.921342710997442,30.530392156862746,6.627492527620911,3.310161938091656,0.05453210996379054
Bronx,Mott Haven/Port Morris,1542,60173.25,39.02285992217899,34.05,6.6964721141374834,22.622308690012968,8.364542818608978,8.200688844956556,0.05376503424818735
Queens,Ridgewood,1486,73685.68,49.58659488559892,50.35,8.386305518169582,29.108838043965903,7.859682663434833,14.904105295671712,0.0518124778811974
Brooklyn,Crown Heights South,1360,72506.46,53.31357352941177,56.35,9.524433823529412,37.1703431372549,6.4584980905331255,10.87186055732694,0.04741922605547003
Manhattan,Battery Park,1347,41324.96,30.6792576095026,31.08,4.35362286562732,19.264142538975502,15.316240648667865,14.34303029996496,0.04696595404170451
Brooklyn,Canarsie,1273,56698.97,44.5396465043205,43.35,9.343275726630008,30.91995286724273,6.857179854858637,3.7742372501697052,0.04438579027103923
Queens,Springfield Gardens South,1244,37198.6,29.9024115755627,23.95,5.326647909967846,14.90058949624866,13.881293401437471,7.396720096578737,0.0433746450095623
Queens,East Elmhurst,1239,51041.31,41.19556900726392,44.51,6.526481033091203,18.846758138283562,38.13087476974869,16.45521226552884,0.04320030961965248
Brooklyn,South Williamsburg,1235,56244.15,45.54182186234818,43.4,7.770955465587044,30.009419703103912,7.517855848690269,6.200051808173816,0.043060841307724626
Brooklyn,Sunset Park West,1211,77901.75,64.32844756399669,59.3,12.497266721717589,33.75037159372419,5.902924234417612,13.305301212948141,0.04222403143615751
Queens,Richmond Hill,1150,45294.05,39.38613043478261,34.925,6.9374086956521746,23.036942028985507,66.0160445862001,6.870179055439764,0.04009713967925775
Bronx,Spuyten Duyvil/Kingsbridge,1090,73396.61,67.33633944954128,61.39,12.690678899082569,29.77960244648318,16.721756957031612,14.382062907298181,0.03800511500033995
Brooklyn,Windsor Terrace,1063,74061.93,69.67255879586077,65.45,12.853612417685794,33.09714644089056,6.129697004974238,18.814643846476894,0.037063703894826945
Queens,Briarwood/Jamaica Hills,1041,39615.69,38.05541786743516,35.15,7.212718539865514,21.191002241434518,11.177271007807414,6.9040448273627675,0.03629662817922375
Queens,Rego Park,1002,44731.13,44.64184630738523,45.05,7.828083832335329,25.42370259481038,22.534812574960917,9.609982150034147,0.03493681213792719
Bronx,Riverdale/North Riverdale/Fieldston,994,74768.2,75.2195171026157,68.915,14.492816901408451,32.182042253521125,5.417785829096732,15.372372038856465,0.034657875514071484
Queens,Queensbridge/Ravenswood,963,29356.97,30.484911734164072,28.34,4.427154724818276,21.159103496019384,36.13190825681538,11.031486153437159,0.03357699609663062
Bronx,East Concourse/Concourse Village,932,44294.8,47.52660944206009,43.9,8.860139484978541,30.54860515021459,10.23759208359568,6.074477820795327,0.03249611667918976
Queens,Saint Albans,909,33595.1,36.95830583058306,33.2,7.443949394939494,26.416318298496517,6.749662865531134,5.300835807256136,0.03169417388560461
Queens,Maspeth,898,40506.21,45.10713808463252,44.64,8.053073496659243,23.25161469933185,13.809665340973247,11.421690270851176,0.031310636027803006
Queens,Kew Gardens,897,38535.95,42.96092530657748,38.77,7.470066889632107,23.36044221479004,38.07438935870619,9.85199687736678,0.031275768949821044
Brooklyn,East Flatbush/Remsen Village,893,41270.46,46.215520716685326,48.25,9.205162374020155,35.719279581933556,6.449674759635519,5.413354393050398,0.031136300637893195
Brooklyn,Borough Park,880,59302.76,67.3895,74.55,13.962454545454545,42.67988636363636,8.258510628234982,5.390433539447132,0.030683028624127667
Brooklyn,Red Hook,860,48777.4,56.71790697674419,51.185,10.028465116279069,31.634011627906975,11.795899343120647,15.236982147449723,0.0299856870644884
Queens,South Jamaica,860,28833.51,33.527337209302324,28.35,6.314104651162791,21.19951550387597,19.92955061440084,4.2695202725631844,0.0299856870644884
Brooklyn,Midwood,856,54730.24,63.93719626168224,69.565,12.731822429906543,38.77891355140187,6.3927367960624935,9.722965875152083,0.02984621875256055
Queens,Middle Village,854,40355.96,47.2552224824356,47.85,8.155374707259952,25.97749804839969,8.354344574346628,11.869821634463007,0.02977648459659662
Queens,Corona,845,35322.78,41.80210650887574,42.3,8.023254437869822,24.22913214990138,6.200574678290052,5.190041054644074,0.029462680894758956
Queens,Kew Gardens Hills,826,34755.87,42.07732445520581,39.25,7.559975786924939,22.151795803066992,13.733832331213561,10.535181410545862,0.028800206413101652
Queens,Flushing Meadows-Corona Park,805,32591.98,40.48693167701863,36.65,8.065565217391304,17.67728778467909,13.289766753030138,4.6703707016123905,0.028067997775480424
Brooklyn,Flatlands,802,41256.21,51.441658354114715,53.599999999999994,10.624139650872817,36.531546134663344,11.846452253554014,5.196726426194941,0.027963396541534537
Brooklyn,Ocean Hill,762,34647.47,45.46912073490814,47.15,8.416167979002624,32.76408573928259,8.561008934410548,7.419605178963167,0.026568713422256005
Brooklyn,Brownsville,755,31780.38,42.09321854304636,43.65,8.38569536423841,36.30708609271523,6.626946921088453,2.5942872426622805,0.02632464387638226
Queens,Elmhurst/Maspeth,731,29327.37,40.11952120383037,38.2,6.761833105335157,23.451618787049707,10.819003263397011,8.215984331424577,0.025487834004815142
Brooklyn,Gowanus,731,40207.59,55.00354309165526,51.8,9.27467852257182,31.919676242590057,7.446821534850082,17.203353998733345,0.025487834004815142
Queens,Springfield Gardens North,729,23400.86,32.099945130315504,26.15,6.166982167352537,21.166620941929583,7.915352451844201,6.856803551897672,0.025418099848851215
Brooklyn,Kensington,726,48540.28,66.85988980716253,66.05,12.9332782369146,34.15532598714417,5.7627549233818405,14.667174110186114,0.02531349861490533
Brooklyn,Marine Park/Mill Basin,723,41001.46,56.710179806362376,57.06,12.231009681881051,30.23298755186722,5.374886924859818,7.668582217381675,0.025208897380959435
Bronx,Melrose South,702,28179.01,40.141039886039884,36.209999999999994,7.1608404558404555,27.09741215574549,10.621738619889953,6.560774888017758,0.02447668874333821
Bronx,West Concourse,697,30977.05,44.44340028694405,40.8,8.113328550932568,27.16202773792444,7.21607240367731,7.984062643429176,0.024302353353428393
Queens,Queens Village,693,33182.85,47.88290043290043,47.55,10.601313131313132,30.570875420875417,6.41050168674689,4.98441077697344,0.02416288504150054
Brooklyn,East Flatbush/Farragut,688,33614.85,48.85879360465116,50.725,9.457122093023257,38.54920058139535,9.351011619617873,4.809661720120124,0.023988549651590724
Queens,Woodhaven,669,27012.23,40.37702541106128,36.91,7.735710014947682,25.647633283507723,10.203283597902137,5.956430104893463,0.02332607516993342
Queens,Rosedale,665,24034.53,36.14215037593985,31.75,7.169744360902256,20.00293233082707,9.40354020760022,7.24925284775654,0.023186606858005568
Queens,Jamaica Estates,658,30602.53,46.50840425531915,45.25,9.22095744680851,26.137943262411348,6.151551421804695,7.790971942830159,0.022942537312131826
Queens,Howard Beach,658,25226.07,38.337492401215805,31.87,7.247781155015198,21.130420466058766,9.326633919735924,8.039711410563974,0.022942537312131826
Queens,Hillcrest/Pomonok,653,28862.43,44.19973966309342,42.65,8.658836140888209,26.167177131189383,5.836523873660045,7.83391240543814,0.02276820192222201
Queens,Cambria Heights,618,26245.86,42.46902912621359,37.75,9.223220064724918,25.55604099244876,6.5659546115537255,5.357332115534443,0.021547854192853298
Brooklyn,Homecrest,608,39103.6,64.31513157894737,69.275,13.931019736842105,37.222971491228066,6.732297320661306,6.632041926285518,0.021199183413033663
Brooklyn,Columbia Street,571,31830.97,55.746007005253944,50.85,9.543975481611207,29.101546993578516,7.195915353369414,19.374225779942734,0.01990910152770102
Queens,Laurelton,566,21379.12,37.77229681978798,32.295,7.762491166077738,22.82137809187279,5.5188066004520415,6.4392297699170715,0.019734766137791206
Queens,Far Rockaway,562,29059.67,51.70759786476868,47.22,11.320836298932385,37.211061684460255,6.768440351121431,6.666914786321224,0.01959529782586335
Brooklyn,Cypress Hills,555,22589.57,40.701927927927926,37.35,8.239225225225226,26.84852852852853,12.27994637566617,5.2004231467115725,0.01935122827998961
Queens,North Corona,539,22532.67,41.80458256029684,44.05,7.404953617810761,25.06762523191095,6.790026273550719,6.049354795282376,0.018793355032278195
Bronx,Co-Op City,530,31978.87,60.33749056603774,58.46,13.689075471698112,41.19261006289308,7.644620971340687,3.254305471930291,0.018479551330440526
Bronx,Soundview/Castle Hill,528,28685.76,54.32909090909091,51.745000000000005,10.95035984848485,33.163099747474746,9.443606807833076,4.405899190139226,0.018409817174476602
Queens,Glendale,512,23938.08,46.7540625,47.625,8.6333984375,28.296842447916667,6.864059049410419,12.650636074590414,0.01785194392676519
Brooklyn,Coney Island,506,31031.33,61.32673913043479,63.599999999999994,13.906501976284584,40.95678524374177,14.205092089749474,4.837422561201931,0.01764274145887341
Brooklyn,Sheepshead Bay,504,31832.55,63.159821428571426,62.4,14.024900793650794,38.61994047619048,5.594762605890066,6.995211013522309,0.017573007302909484
Queens,Whitestone,501,24985.37,49.870998003992014,46.94,9.832175648702595,22.15362608117099,6.206918077276171,9.404930560223518,0.017468406068963594
Queens,Murray Hill-Queens,492,24788.6,50.38333333333333,48.525,9.543211382113821,26.87581300813008,7.7997939816186745,9.275333256999922,0.017154602367125925
Queens,Bayside,473,27964.02,59.120549682875264,58.35,12.008181818181818,25.835729386892176,9.346037102074932,11.454598091054653,0.01649212788546862
Bronx,Williamsbridge/Olinville,465,29410.41,63.2481935483871,64.69,13.607677419354838,38.79562724014337,6.516570990955605,4.86929007893425,0.016213191261612917
Brooklyn,Sunset Park East,460,31216.01,67.86089130434782,64.625,14.149826086956521,38.950036231884056,15.054312087832846,9.37950038465056,0.0160388558717031
Brooklyn,Bensonhurst West,460,30522.57,66.35341304347826,72.315,14.419500000000001,39.22644927536232,22.223930052456065,7.070025511808864,0.0160388558717031
Brooklyn,Erasmus,459,24909.74,54.26958605664488,60.44,10.203333333333333,38.72385620915033,6.560360025878073,8.357299731706675,0.016003988793721138
Brooklyn,Madison,457,29390.22,64.3112035010941,66.45,13.555142231947483,37.547082421590076,5.445073328981904,7.627122618180354,0.01593425463775721
Bronx,Van Nest/Morris Park,434,21798.58,50.22714285714286,48.67,10.265529953917051,37.44543010752688,7.006943115651356,4.181064813489109,0.015132311844172054
Bronx,Highbridge,433,20432.35,47.1878752886836,43.0,9.18256351039261,28.360315627405697,30.336560177943234,3.928174093097755,0.01509744476619009
Bronx,Morrisania/Melrose,422,19868.15,47.080924170616115,43.900000000000006,9.248317535545024,32.870537124802524,6.862419122019414,3.788792064002759,0.014713906908388495
Bronx,Mount Hope,416,22321.84,53.65826923076923,48.4,10.812259615384615,33.74258814102564,6.307016622626307,3.3592919679654845,0.014504704440496716
Bronx,University Heights/Morris Heights,413,21780.85,52.738135593220335,46.5,10.884261501210654,34.997538337368844,6.215800094637706,3.016051964858147,0.014400103206550826
Bronx,Van Cortlandt Village,410,27150.44,66.22058536585365,62.295,13.897829268292682,35.55589430894309,5.580441089032165,7.067903044800928,0.014295501972604936
Brooklyn,Brighton Beach,401,25614.75,63.87718204488778,65.06,14.518852867830425,40.10016625103907,6.348701079994146,5.532327692570897,0.013981698270767269
Bronx,Schuylerville/Edgewater Park,398,25368.02,63.738743718592964,63.489999999999995,12.919899497487437,31.084045226130655,5.435650271696675,7.034312905055505,0.013877097036821379
Bronx,Norwood,380,22671.77,59.66255263157895,59.05,12.61342105263158,36.42364035087719,6.482655049501757,5.35678289252776,0.01324948963314604
Brooklyn,Dyker Heights,371,25571.97,68.92714285714285,73.1,14.050107816711591,36.42044025157233,6.213526498410227,9.948754669138703,0.01293568593130837
Bronx,Bedford Park,367,22448.66,61.16801089918256,60.94,12.825040871934604,37.129654859218896,5.912794045953292,3.6319011388010467,0.012796217619380518
Queens,Hammels/Arverne,365,21567.3,59.08849315068493,57.95,13.113369863013698,46.49054794520548,5.851012688206494,5.741309826151305,0.01272648346341659
Queens,Fresh Meadows,364,18423.7,50.61456043956044,47.975,9.962637362637363,25.889468864468864,6.446704262239958,9.78728475913923,0.012691616385434628
Brooklyn,East New York/Pennsylvania Avenue,364,16140.77,44.34277472527473,42.65,9.034120879120879,33.65714285714286,6.596079155395097,3.9446994385802348,0.012691616385434628
Queens,College Point,364,17199.18,47.25049450549451,44.785,8.975247252747252,23.75013736263736,6.157010121936927,9.511093402994346,0.012691616385434628
Queens,Ozone Park,364,13270.65,36.457829670329666,31.45,6.941758241758242,20.186217948717946,16.030247111120847,7.852835851119701,0.012691616385434628
Bronx,Pelham Parkway,358,22443.91,62.69248603351955,63.629999999999995,12.617011173184359,36.91173184357542,6.0126316988899,7.551489340946694,0.012482413917542847
Bronx,Parkchester,356,19613.06,55.092865168539326,55.6,11.252949438202247,35.10692883895131,8.176705287691883,6.66122375413869,0.01241267976157892
Bronx,Belmont,346,23269.78,67.25369942196531,67.16499999999999,13.17835260115607,36.04364161849711,8.66432335802207,10.807750084392787,0.012064008981759288
Brooklyn,Starrett City,332,13781.33,41.51003012048193,37.925,9.073584337349397,31.80532128514056,7.487029669229002,2.6774644205666216,0.011575869890011803
Queens,Bellerose,331,17097.88,51.65522658610272,49.38,10.868700906344412,24.061530715005034,9.595299359488031,7.7973885971149155,0.011541002812029839
Queens,Bay Terrace/Fort Totten,327,19126.94,58.492171253822626,56.95,11.855993883792049,26.658002038735983,11.460105611714022,9.795772532479868,0.011401534500101985
Bronx,Kingsbridge Heights,326,17587.16,53.94834355828221,50.05,11.172515337423313,34.915695296523516,8.61228078131947,4.675664203663693,0.011366667422120022
Bronx,Woodlawn/Wakefield,315,23652.8,75.08825396825397,73.2,16.402,40.445291005291004,5.0692921104659305,5.953517018666379,0.010983129564318428
Queens,Douglaston,311,18916.6,60.82508038585208,58.75,12.578038585209002,25.093729903536975,7.00035173580614,10.303121753797615,0.010843661252390575
Brooklyn,Ocean Parkway South,310,21634.2,69.78774193548388,74.6,14.388258064516128,38.14059139784946,5.525294047432275,9.493076609680188,0.01080879417440861
Brooklyn,Prospect Park,310,16575.47,53.46925806451613,53.225,8.713193548387098,33.27983870967742,6.681500029379146,16.991979274771708,0.01080879417440861
Bronx,East Tremont,307,16356.8,53.27947882736156,51.4,10.783876221498371,34.05580890336591,9.472371685028204,2.570813562547732,0.010704192940462721
Bronx,Hunts Point,300,15461.89,51.539633333333335,49.55,10.166166666666667,30.747333333333337,6.910387448274592,5.2767970230966705,0.010460123394588978
Bronx,Claremont/Bathgate,300,14684.84,48.949466666666666,46.05,206.97523333333334,33.3765,16.26515960403327,3.882721573300303,0.010460123394588978
Queens,Oakland Gardens,295,16521.6,56.005423728813554,54.25,11.688542372881356,26.785310734463277,10.654538310462966,7.569221536756135,0.010285788004679162
Brooklyn,Bensonhurst East,290,17567.58,60.57786206896552,68.69999999999999,13.522,39.06229885057471,5.580937260135631,5.194039302721726,0.010111452614769345
Queens,Rockaway Park,285,20484.2,71.87438596491228,67.6,14.810105263157896,34.70233918128655,6.177547059648706,11.013859194569664,0.009937117224859529
Brooklyn,Marine Park/Floyd Bennett Field,275,13642.78,49.61010909090909,48.25,11.131563636363635,18.71339393939394,4.60869430679719,6.369279778322004,0.009588446445039896
Queens,Auburndale,269,14102.8,52.4267657992565,50.75,10.153345724907064,25.558426270136305,6.452926602142468,10.95593599085274,0.009379243977148117
Brooklyn,Brooklyn Navy Yard,268,11310.67,42.20399253731343,40.45,6.558134328358209,27.84023631840796,7.8962074524518515,14.695745529270974,0.009344376899166153
Bronx,Soundview/Bruckner,266,14415.28,54.192781954887224,51.61,10.457744360902257,28.526629072681704,9.32141096597734,6.468603491572194,0.009274642743202227
Brooklyn,Gravesend,254,15500.83,61.02688976377953,63.644999999999996,13.812834645669291,37.84842519685039,10.288290423868151,4.692316549456145,0.00885623780741867
Queens,Queensboro Hill,252,11200.15,44.44503968253968,42.095,8.30940476190476,25.323743386243386,17.145667729678273,6.763826947170144,0.008786503651454742
Bronx,Westchester Village/Unionport,251,13490.25,53.74601593625498,53.89,11.122470119521912,30.853253652058434,6.019561631960314,3.5300926892128506,0.008751636573472778
Brooklyn,Manhattan Beach,245,15356.18,62.678285714285714,63.25,14.017306122448979,34.64272108843537,24.539363550603984,8.459159164283232,0.008542434105580999
Bronx,West Farms/Bronx River,237,12337.17,52.055569620253166,49.92,10.331223628691983,30.12440225035162,11.819788405985607,4.251981466589143,0.008263497481725293
Queens,Glen Oaks,235,13712.38,58.35055319148936,55.51,12.307659574468087,27.5458865248227,4.98807052118493,8.14148471701711,0.008193763325761366
Bronx,Bronxdale,228,14662.04,64.30719298245614,65.53,13.391140350877192,38.045614035087716,7.7617592598866585,5.1432027099607165,0.007949693779887624
Bronx,Longwood,216,10341.16,47.87574074074074,45.015,8.924166666666666,28.391435185185188,44.286730521563896,3.4048701903215948,0.007531288844104064
Queens,Hollis,215,9833.27,45.736139534883726,43.35,9.141348837209303,29.99418604651163,7.507385654692469,5.430922631217823,0.0074964217661221
Bronx,Allerton/Pelham Gardens,214,13943.88,65.15831775700934,66.29,13.256822429906542,32.7053738317757,6.990189944696366,7.483748693320557,0.007461554688140137
Bronx,Eastchester,212,13952.96,65.81584905660377,68.67,14.553726415094339,39.14308176100629,5.935239194554075,4.605920262103622,0.0073918205321762106
Bronx,Crotona Park East,209,10803.24,51.69014354066986,51.8,10.335454545454546,34.22392344497608,10.140470727694014,3.3486147636140835,0.007287219298230321
Manhattan,Randalls Island,200,9465.57,47.32785,41.03,7.11165,21.36116666666667,21.293652838619522,12.537706047152701,0.0069734155963926524
Manhattan,Inwood Hill Park,188,9714.99,51.675478723404254,49.04,10.672978723404254,27.70851063829787,5.28265471965589,10.53743306398974,0.0065550106606090935
Queens,East Flushing,188,9214.83,49.015053191489365,47.55,9.434308510638298,27.984751773049645,16.816027572515623,8.599390468169153,0.0065550106606090935
Brooklyn,Bath Beach,188,12316.02,65.51074468085106,71.67500000000001,14.497925531914895,40.75753546099291,5.110772502032335,7.180309574281852,0.0065550106606090935
Bronx,Fordham South,177,10042.17,56.73542372881356,53.5,11.628135593220337,34.36318267419963,6.916032508791851,3.528920319263363,0.0061714728028074975
Manhattan,Marble Hill,133,7569.65,56.91466165413534,48.5,11.705263157894736,31.631203007518796,5.102971861272016,7.023588003281931,0.004637321371601113
Manhattan,Highbridge Park,123,6102.3,49.612195121951224,41.52,9.355772357723577,26.323035230352307,48.311490709035496,7.78712133971997,0.004288650591781481
Bronx,Pelham Bay,112,7521.01,67.151875,69.15,13.482142857142858,32.724851190476194,5.496173954432474,8.04919948232455,0.003905112733979885
Bronx,Bronx Park,105,6611.88,62.970285714285716,65.09,12.35552380952381,35.16380952380952,11.954172359803955,8.622238623048409,0.003661043188106142
Queens,Forest Park/Highland Park,86,3636.11,42.2803488372093,42.72,7.778953488372093,24.48798449612403,57.00071379990495,5.611729558596255,0.0029985687064488405
Bronx,Van Cortlandt Park,70,4452.76,63.61085714285715,60.11,13.452571428571428,35.868095238095236,6.005264628921021,6.127103067147983,0.0024406954587374284
Staten Island,Heartland Village/Todt Hill,60,7034.07,117.2345,118.35499999999999,23.09733333333333,42.38111111111111,5.244883180342817,10.647205175572848,0.0020920246789177957
Staten Island,Saint George/New Brighton,57,6785.77,119.04859649122808,114.23,22.787719298245616,47.91520467836257,9.57156940916663,10.718170225008471,0.001987423444971906
Bronx,City Island,57,4522.45,79.34122807017543,83.94,16.50701754385965,32.57748538011696,4.87830653708803,10.048960279653262,0.001987423444971906
Staten Island,Arrochar/Fort Wadsworth,54,3640.7599999999998,67.42148148148148,73.15,10.613703703703704,19.40246913580247,43.59959686838442,7.7099437365161965,0.001882822211026016
Staten Island,Bloomfield/Emerson Hill,53,6309.47,119.0466037735849,119.35,23.95830188679245,42.023899371069184,5.162684811757038,10.28051023386083,0.0018479551330440526
Bronx,Country Club,52,3541.54,68.10653846153846,64.955,13.191346153846155,28.066025641025643,5.434961643526214,11.351668026081029,0.0018130880550620895
Queens,Breezy Point/Fort Tilden/Riis Beach,52,4368.22,84.00423076923077,81.42,16.911538461538463,36.100641025641025,5.172836167778436,14.192004251075115,0.0018130880550620895
Staten Island,Stapleton,48,4816.7300000000005,100.34854166666668,106.725,19.470000000000002,37.66770833333333,9.00963543288161,10.11712231092693,0.0016736197431342365
Queens,Saint Michaels Cemetery/Woodside,47,1945.45,41.39255319148936,47.44,6.852340425531915,18.352482269503547,86.56783642568465,8.941552947297646,0.0016387526651522734
Queens,Astoria Park,42,1907.9,45.42619047619048,39.35,7.1414285714285715,22.797222222222224,47.69728650558071,14.00403011199999,0.0014644172752424568
Staten Island,South Beach/Dongan Hills,41,4289.29,104.61682926829268,107.63,19.31463414634146,40.360975609756096,7.806018727851218,13.746096218436705,0.0014295501972604937
Queens,Broad Channel,37,1914.41,51.740810810810814,49.99,10.348918918918919,26.095495495495495,5.045271647513002,9.514700489225318,0.0012900818853326407
Staten Island,West Brighton,36,4151.0,115.30555555555556,114.78,22.12,44.15324074074074,5.634705198018623,10.042286591192967,0.0012552148073506774
Staten Island,Mariners Harbor,36,4082.09,113.3913888888889,116.17500000000001,23.76388888888889,38.08657407407407,4.88198334125388,7.272970238134091,0.0012552148073506774
Staten Island,Grymes Hill/Clifton,36,3772.11,104.78083333333333,109.23,19.580277777777777,44.605555555555554,8.288947918347235,11.350313891928769,0.0012552148073506774
Staten Island,Westerleigh,33,4013.94,121.63454545454546,117.74,22.107878787878786,41.086363636363636,5.62288899384654,13.468632750662593,0.0011506135734047876
Queens,Willets Point,31,1422.1200000000001,45.87483870967743,42.0,9.383870967741935,22.852688172043013,5.213559236786674,5.752367171010475,0.001080879417440861
Staten Island,New Dorp/Midland Beach,29,3255.36,112.25379310344827,116.9,20.20586206896552,51.58045977011494,11.259419768497539,15.028204676707146,0.0010111452614769345
Staten Island,Port Richmond,27,3178.81,117.7337037037037,107.05,24.026296296296298,43.129012345679016,4.984699564832068,7.801749063094778,0.000941411105513008
Staten Island,Great Kills,26,3650.84,140.41692307692307,137.725,27.194230769230767,57.733333333333334,5.235535082036808,10.636316747817222,0.0009065440275310447
Staten Island,Eltingville/Annadale/Prince's Bay,25,3792.43,151.69719999999998,154.53,30.3096,52.12133333333333,5.1162101837035925,15.007493987819805,0.0008716769495490816
Brooklyn,Green-Wood Cemetery,22,1515.8700000000001,68.90318181818182,69.39500000000001,11.38,33.38409090909091,22.74030457299182,17.285896285488043,0.0007670757156031917
Bronx,Pelham Bay Park,20,1282.39,64.1195,60.835,14.370499999999998,40.38166666666667,4.464157051020395,2.223868644022103,0.0006973415596392651
Staten Island,Oakwood,16,1920.0,120.0,119.28,23.531875,51.61875,5.224758104552796,10.051110212790181,0.0005578732477114122
Staten Island,Rossville/Woodrow,14,2208.92,157.78,151.43,32.56857142857143,49.89523809523809,4.9426913989117045,12.048200114430273,0.00048813909174748565
Bronx,Crotona Park,10,487.32,48.732,49.599999999999994,8.84,37.155,5.825014671461053,7.574036773818636,0.00034867077981963257
Staten Island,Arden Heights,9,1353.77,150.4188888888889,146.83,32.42777777777778,50.099999999999994,4.652708630153468,7.08579591832979,0.00031380370183766934
Staten Island,Charleston/Tottenville,5,825.0,165.0,162.34,32.952,60.57000000000001,5.074944801461044,17.314672832903774,0.00017433538990981628
Queens,Jamaica Bay,4,207.9,51.975,54.05,8.585,36.99583333333334,7.67715731640352,10.921656204732013,0.00013946831192785305
Staten Island,Freshkills Park,1,88.44,88.44,88.44,21.82,34.85,4.0531622364802935,11.428571428571429,3.4867077981963264e-05
Manhattan,Governor's Island/Ellis Island/Liberty Island,1,18.0,18.0,18.0,6.4,32.1,2.8125,0.0,3.4867077981963264e-05
