pickup_borough,pickup_zone,total_trips,total_revenue,average_total_amount,median_total_amount,average_trip_distance,average_trip_duration,average_revenue_per_mile,average_tip_percentage,trip_share_percentage
Manhattan,Midtown Center,140074,3354213.05,23.946007467481472,20.1,2.598472807230464,13.904324380922464,18.06473589142552,21.645676661795665,4.883971081245521
Manhattan,Upper East Side South,140069,2770461.15,19.77925986478093,17.28,1.715226209939387,11.02697361062524,17.250057931161262,22.808629521357666,4.883796745855612
Queens,JFK Airport,138311,11183307.459999999,80.85624035687688,87.69,15.938951710276118,37.10852209874847,20.442045648752906,14.191066627525172,4.822500422763321
Manhattan,Upper East Side North,133901,2712549.69,20.2578747731533,17.64,1.8706704953659794,11.223256485512929,16.663712495345223,22.570570836839877,4.668736608862862
Manhattan,Midtown East,104298,2433071.91,23.32807829488581,19.8,2.2586860725996663,13.374902522899127,17.219562608934613,21.915173603124853,3.636566499362804
Manhattan,Times Sq/Theatre District,102890,2763318.22,26.857014481485084,20.3,2.969274370687142,15.089843198237599,20.2584224487042,20.622790254509937,3.5874736535642002
Manhattan,Penn Station/Madison Sq West,102099,2461096.7,24.105002987296647,20.65,2.302952526469407,15.173961220645321,16.91871415148644,20.894908972978122,3.559893794880467
Manhattan,Lincoln Square East,101706,2169364.02,21.329754586750045,18.81,2.1173156942559928,11.768862702298783,15.475846643403235,22.448661121627,3.5461910332335553
Queens,LaGuardia Airport,87658,5817091.86,66.36122042483288,66.49,9.710407036437061,27.150089362446476,12.517510919019843,21.254811123160355,3.0563783217429354
Manhattan,Upper West Side South,86432,1833747.87,21.216075874676047,18.48,2.293344710292484,11.571085361903,15.201300511881342,22.76387772881757,3.0136312841370487
Manhattan,Midtown North,83640,1970275.52,23.556617886178863,19.32,2.5402225011956,13.364476127849516,17.382613828724296,21.78249158656034,2.916282402411407
Manhattan,Murray Hill,80931,1864653.06,23.040034844497164,19.32,2.2288587809368474,13.160082663009229,17.856377609659802,21.588839811071665,2.821827488158269
Manhattan,East Chelsea,75496,1867170.54,24.732045936208543,21.3,2.476040187559606,15.11434844230158,17.88368425244302,21.509016554522912,2.6323249193262983
Manhattan,Union Sq,74324,1618926.85,21.782019939723373,18.84,2.0097853990635595,12.641475835530919,17.239288962696193,22.57854091983005,2.5914607039314372
Manhattan,Clinton East,74028,1698618.48,22.94562165667045,18.6,2.421415140217215,12.589530312854595,18.49782291691905,21.145600947135232,2.581140048848776
Manhattan,Lenox Hill West,72143,1464694.56,20.3026566680066,17.64,2.7338147845251792,11.207957806024146,18.169196575729746,21.912649791662698,2.5154156068527755
Manhattan,West Village,64231,1444994.41,22.496838131120487,19.6,2.232129501331133,13.057704483297265,15.991020930040783,22.346906496460246,2.2395472858594823
Manhattan,Lenox Hill East,64171,1440508.66,22.44796964360848,19.5,2.3048719826713002,13.049229402689688,15.393609946041249,20.95333764627187,2.2374552611805645
Manhattan,East Village,63551,1415206.17,22.26882613963588,19.32,2.8351073940614624,12.401115377151159,16.280826568868548,21.203782463368658,2.2158376728317473
Manhattan,Midtown South,63041,1481237.21,23.49641043130661,19.2,2.3359543788962736,13.215237966825821,19.569102581576512,21.399572814524678,2.198055463060946
Manhattan,Upper West Side North,62500,1323631.33,21.17810128,18.48,4.2093055999999995,11.645725066666666,14.764862457678648,21.706977278036966,2.179192373872704
Manhattan,Yorkville West,58161,1186155.62,20.394347071061365,17.2,2.0903672564089337,10.608173575649202,16.02215314746765,22.183326645455697,2.027904122508965
Manhattan,Gramercy,57655,1245223.49,21.597840430144828,18.5,2.12396860636545,12.143048593646114,16.082027877623325,21.81896648023692,2.0102613810500918
Manhattan,Sutton Place/Turtle Bay North,53887,1144593.9,21.24063132109785,18.48,2.0187353164956297,12.13103222174798,16.51015174435064,21.66630781602424,1.8788822312140543
Manhattan,West Chelsea/Hudson Yards,49070,1175440.15,23.95435398410434,21.0,2.3605223150601184,14.385886488689627,15.689580542925944,21.020626861501952,1.7109275165749374
Manhattan,Central Park,47282,1042942.75,22.057923734190602,19.2,2.157872128928556,12.895245195493704,15.358884661325918,21.54173637269158,1.6485851811431869
Manhattan,Garment District,46635,1113631.79,23.879742468103355,19.2,2.397496944355098,14.071044994817912,19.568545983418165,19.60194113849897,1.6260261816888566
Manhattan,Flatiron,45265,998030.99,22.048624544349938,18.4,2.130646636474097,12.555438344563495,17.27742145797934,22.275082076804477,1.578258284853567
Manhattan,Yorkville East,41351,894853.82,21.640439650794416,18.48,2.823354937002733,11.390370244975937,15.983785738869791,21.058101913312115,1.4417885416321627
Manhattan,Greenwich Village North,39358,863067.57,21.928643985974897,18.725,2.0575397631993493,12.967326422413063,18.2215161133904,22.206501452003014,1.37229845521411
Manhattan,Greenwich Village South,39109,882817.97,22.573268812805235,19.68,2.273873788642,13.05448660581111,15.618849212368074,21.81098583188689,1.363616552796601
Manhattan,TriBeCa/Civic Center,35856,935375.78,26.087008589915218,22.2,3.0333765618027666,15.083476963409193,16.069151137191866,20.954866206202656,1.2501939481212747
Manhattan,Lincoln Square West,34421,720753.55,20.939355335405715,18.48,2.1042712297725226,11.616945566175689,15.855969715041041,21.39970431094578,1.2001596912171575
Manhattan,UN/Turtle Bay South,32599,787733.05,24.164331727967117,19.63,3.8832712659897544,13.381200343568821,18.14950677338526,20.87197468073356,1.1366318751340203
Manhattan,Kips Bay,31790,688116.19,21.645680717206666,18.64,2.275690783265178,12.468357974205725,14.984073099130521,20.032707626586607,1.108424409046612
Manhattan,Lower East Side,26678,661740.43,24.80472411725017,21.36,2.847439088387435,13.856967039008422,17.48473788483842,34.78431289195484,0.9301839064028159
Manhattan,Little Italy/NoLiTa,24663,584690.82,23.707205936017512,20.52,2.4780322750679153,14.229400316263229,17.20986768495353,20.40010206099429,0.8599267442691599
Manhattan,Manhattan Valley,23646,498895.92,21.098533367165693,18.0,19.566441258563817,12.153425526516113,14.197028277995932,19.78917477383415,0.8244669259615032
Manhattan,Meatpacking/West Village West,22817,558522.53,24.47835079107683,20.7,2.6179874654862605,14.386843873719886,16.02418432568943,21.358540974113676,0.7955621183144557
Manhattan,SoHo,19558,466815.71,23.868274363431844,20.3,4.21876316596789,14.31102447421345,16.332134198856824,21.021503413693377,0.6819303111712374
Manhattan,East Harlem South,17368,364635.2,20.994656840165824,17.5,2.4851531552280055,12.87060590357746,18.734924036668545,15.922575110754213,0.6055714103907379
Manhattan,Clinton West,15469,360656.05,23.31476178162777,19.11,2.6025838774322843,12.975067338979034,16.906193943704412,19.49491286991154,0.5393588293029896
Manhattan,Battery Park City,15311,490098.16,32.009546077983146,28.18,4.426930964665927,17.090770252324038,12.553711706459874,20.042794797568178,0.5338498309818395
Manhattan,Hudson Sq,13295,319339.82,24.019542685220006,19.68,2.540277547950357,13.704795035727717,16.076856395649433,21.959159414323278,0.46355780177020156
Manhattan,Morningside Heights,13270,303074.71,22.83908892238131,19.9,2.6916345139412208,13.825499874403416,14.978338651856435,18.464105262933572,0.4626861248206524
Manhattan,World Trade Center,12385,395472.24,31.93154945498587,28.2,4.25659426725878,18.88971201722514,14.406405511533933,18.259102908750126,0.43182876080661503
Queens,East Elmhurst,11861,763177.67,64.34345080515978,65.15,9.50790742770424,26.800039344630864,12.57259902195161,20.579739306265516,0.41355841194406623
Manhattan,Financial District North,11574,370654.9,32.02478831864524,28.92,4.438775704164507,17.726458729335867,20.793429753253427,18.444271532728745,0.40355156056324276
Unknown,Unknown,9616,262172.26,27.26417013311148,19.68,3.3076133527454243,14.627748890737658,33.34815595876309,20.207547427437664,0.33528182187455874
Manhattan,Bloomingdale,7623,166350.31,21.822157943067033,18.96,2.482157943067034,12.886037867856048,14.64272470148503,19.01148135439078,0.2657917354565059
Manhattan,Financial District South,6674,220128.22,32.982951753071625,31.1,4.755115373089601,19.049977524722806,16.38718731823676,17.14039129143627,0.2327028784516228
Manhattan,Central Harlem,6341,133428.67,21.04221258476581,16.65,2.695224727960889,13.963933133575146,20.103772121948165,12.369583010186492,0.22109214148362905
Manhattan,East Harlem North,5545,118021.08,21.284234445446348,17.1,13.501835888187555,13.675341148181545,25.42356725746953,10.384312513534397,0.19333794740998628
Manhattan,Seaport,4242,129049.41,30.421831683168318,27.24,21.33416548797737,17.046986484362723,22.158525632066187,18.46586243592406,0.14790614479948816
Manhattan,Chinatown,3621,101619.28,28.063871858602596,23.9,3.5067108533554263,17.971932247077234,12.678331571504005,16.90807565918666,0.12625368937268897
Manhattan,Two Bridges/Seward Park,3412,94829.44,27.792919109026965,24.42,3.539179366940211,17.1406652989449,20.69553380897344,15.897775911516046,0.11896647007445865
Manhattan,Stuy Town/Peter Cooper Village,3404,78459.37,23.049168625146883,19.8,2.540161574618096,13.185521934978457,14.450602923758726,17.472690027842262,0.11868753345060294
Manhattan,Alphabet City,3248,77354.25,23.81596366995074,21.36,32.86717672413793,13.951960180623974,18.275539089482436,16.88409916803786,0.11324826928541668
Manhattan,Central Harlem North,2697,66577.27,24.685676677790138,20.0,3.8819021134593994,19.990415276232852,25.04560325419796,5.470920837136628,0.09403650931735491
Queens,Sunnyside,2242,78392.37,34.96537466547725,27.235,4.605816235504014,19.470450490633365,33.44386075985838,10.64284621789889,0.07817198883556163
Manhattan,Hamilton Heights,2000,53525.94,26.762970000000003,22.68,4.103680000000001,17.748450000000002,22.11300456849465,9.971306695577093,0.06973415596392653
Manhattan,Manhattanville,1784,41883.94,23.47754484304933,19.27,3.3617769058295965,14.9886677877429,15.173023754073002,10.754803736788293,0.06220286711982245
Manhattan,Washington Heights South,1694,51002.43,30.107691853600944,26.990000000000002,21.658447461629276,20.39445100354191,20.899158678959818,10.220075728512668,0.05906483010144577
Queens,Long Island City/Hunters Point,1511,66219.62,43.825029781601586,31.44,4.973818663136995,17.971409662475182,80.64176599183881,12.228580560443266,0.05268415483074649
Queens,Astoria,1500,38967.3,25.9782,23.045,3.9672466666666666,18.40091111111111,29.803998967010596,7.426813313801762,0.05230061697294489
Queens,Long Island City/Queens Plaza,1325,32102.57,24.228354716981134,20.3,3.1971018867924528,15.345069182389938,29.21583372598272,11.032486200192688,0.04619887832610132
Brooklyn,Downtown Brooklyn/MetroTech,1290,42799.95,33.178255813953484,28.555,5.256503875968993,21.990839793281655,42.79913390013743,12.958720669905263,0.044978530596732604
Brooklyn,Brooklyn Heights,1168,38973.92,33.36808219178082,30.6,66.72537671232875,23.149029680365295,59.856510545643204,18.04466382242477,0.04072474708293309
Brooklyn,Fort Greene,1049,29246.33,27.88020019065777,24.3,4.415662535748331,22.856609469335876,14.462369227752031,10.392793484802839,0.03657556480307946
Brooklyn,Williamsburg (North Side),953,27183.11,28.523725078698845,26.96,4.34788037775446,18.492794683455756,20.79009364888606,12.277722980745407,0.03322832531681098
Brooklyn,Boerum Hill,925,27905.08,30.167654054054054,26.5,4.980324324324324,24.05171171171171,18.295721778551663,10.858178477484735,0.03225204713331602
Brooklyn,Crown Heights North,916,28785.78,31.425524017467247,28.0,6.1207096069869,37.485061863173215,15.581833394307779,2.5957298993723312,0.031938243431478344
Brooklyn,Park Slope,890,27417.46,30.806134831460675,26.0,5.245505617977528,24.864606741573034,18.669705094485508,10.739029704012907,0.031031699403947302
Queens,Baisley Park,859,64117.659999999996,74.6422118742724,85.8,12.656472642607683,36.29858362436942,36.41353013955766,10.797778699177126,0.029950819986506443
Manhattan,Battery Park,846,27338.13,32.314574468085105,32.06,4.517340425531915,19.858530338849487,9.45819582544669,15.39936236417907,0.029497547972740918
Brooklyn,East New York,839,29148.29,34.74170441001192,30.0,7.634755661501789,42.298708780294,8.415809508610845,0.37928965332287046,0.029253478426867176
Brooklyn,Williamsburg (South Side),792,23975.73,30.272386363636365,27.494999999999997,4.419204545454545,19.428577441077444,26.924266354836796,10.965955048560065,0.027614725761714906
Queens,Jackson Heights,704,24268.95,34.47294034090909,29.0,5.011434659090909,20.961292613636363,46.795246269512404,6.0460851468723344,0.024546422899302135
Unknown,Outside of NYC,700,57412.07,82.01724285714286,63.665,9.462471428571428,25.306309523809524,517.8030201192155,12.125059994431194,0.024406954587374283
Queens,Woodside,655,22899.21,34.96062595419847,25.0,4.1327480916030535,17.780330788804072,30.55711459085617,7.245729815378941,0.022837936078185933
Brooklyn,Prospect-Lefferts Gardens,629,19403.07,30.847488076311606,27.0,6.2202384737678855,39.13887122416534,14.240623359885902,1.6357437789293512,0.02193139205065489
Queens,Jamaica,621,33051.57,53.22314009661836,43.0,9.289468599033817,30.300080515297903,53.54933723449703,5.345001847358712,0.021652455426799187
Brooklyn,DUMBO/Vinegar Hill,614,20291.58,33.048175895765475,29.02,67.21330618892509,20.57643865363735,24.226361679887855,14.09479341251961,0.021408385880925442
Queens,South Ozone Park,603,38350.88,63.60013266998341,51.0,6.538524046434494,21.698009950248757,225.32288927790108,2329.504127715099,0.021024848023123845
Brooklyn,Canarsie,598,23228.03,38.842859531772575,35.0,8.796137123745819,47.26658305462654,7.490621664309298,1.5605806702945766,0.02085051263321403
Queens,Steinway,565,26672.03,47.20713274336283,38.29,6.020814159292036,20.77061946902655,44.249633505294426,12.1720117717173,0.01969989905980924
Brooklyn,East Williamsburg,551,19436.78,35.275462794918326,30.05,5.364392014519057,21.661464004839686,58.96771530558018,10.22357031382815,0.019211759968061758
Queens,Queensbridge/Ravenswood,546,15203.03,27.84437728937729,24.45,4.537271062271062,21.372069597069597,39.55225875046511,7.3377056555747044,0.01903742457815194
Queens,Old Astoria,537,13866.87,25.822849162011174,23.0,4.139702048417132,18.76623215394165,10.099998539483595,6.559661075615272,0.01872362087631427
Brooklyn,Greenpoint,533,15702.28,29.46018761726079,28.38,4.48343339587242,19.086272670419014,27.65125238003212,12.128323756802976,0.018584152564386416
Queens,South Jamaica,526,33440.409999999996,63.574923954372615,57.769999999999996,11.25709125475285,37.35348542458809,28.58154905064299,7.850533716429659,0.018340083018512674
Brooklyn,Flatbush/Ditmas Park,502,17223.02,34.30880478087649,28.5,6.881812749003984,41.02413678618858,29.404943931654053,1.8016913466243467,0.017503273146945556
Brooklyn,Stuyvesant Heights,498,15698.09,31.52226907630522,28.0,5.946827309236948,36.78617804551539,19.848646302133577,2.4256685629713166,0.017363804835017704
Brooklyn,Cobble Hill,493,14281.66,28.968884381338743,25.9,4.209350912778905,20.311020960108184,10.888539679781138,15.83648141991505,0.017189469445107887
Brooklyn,Brownsville,488,15688.85,32.149282786885244,27.54,6.71875,44.76045081967213,8.623262251796241,0.1668594440891971,0.017015134055198073
Queens,Forest Hills,475,15427.92,32.47983157894737,27.86,5.858526315789474,26.866350877192982,9.953301694477359,4.340251176523141,0.01656186204143255
Brooklyn,Bushwick South,468,15360.87,32.8223717948718,30.0,5.739423076923077,29.684650997150996,34.36752113238356,4.269635897068679,0.016317792495558807
Queens,Elmhurst,461,18371.49,39.85138828633406,29.0,5.017852494577006,22.147758496023137,27.460296368201547,6.222360980787628,0.016073722949685062
Queens,Flushing Meadows-Corona Park,459,35221.93,76.73623093681917,85.94,9.101350762527234,19.930646332607115,42.35595072690496,14.148461060475595,0.016003988793721138
Brooklyn,Clinton Hill,450,14463.5,32.14111111111111,28.0,5.787577777777777,31.375333333333334,20.105875652058895,6.577818480589767,0.01569018509188347
Brooklyn,Bedford,446,13331.48,29.891210762331838,26.0,5.181614349775785,31.545515695067262,18.84323587033072,3.8374957484303907,0.015550716779955613
Bronx,Mott Haven/Port Morris,436,12847.65,29.467087155963302,27.744999999999997,5.432660550458715,26.62901376146789,34.544830823618675,1.9697780131709741,0.015202046000135982
Queens,Richmond Hill,407,18325.24,45.02515970515971,36.0,6.574152334152334,28.979975429975433,122.60029507345702,4.018832124426699,0.014190900738659046
Queens,Springfield Gardens South,401,29269.7,72.99177057356609,72.48,12.916234413965087,36.88221113881962,40.220069123916026,11.557768545768633,0.013981698270767269
Brooklyn,East Flatbush/Remsen Village,395,12993.77,32.89562025316456,30.0,6.900860759493671,42.2257805907173,8.269741570417162,0.06802199207262498,0.01377249580287549
Manhattan,Washington Heights North,395,13164.37,33.327518987341776,30.0,5.82167088607595,22.090084388185655,100.74676839499068,7.167329717917601,0.01377249580287549
Brooklyn,Flatlands,384,12382.62,32.24640625,29.0,7.009088541666667,43.44613715277777,14.634419449589911,0.6416788607451376,0.013388957945073892
Queens,Briarwood/Jamaica Hills,372,20007.0,53.78225806451613,45.485,8.93728494623656,28.31836917562724,36.24950775070325,5.936047254107234,0.012970553009290333
Bronx,Co-Op City,362,15943.14,44.041823204419885,44.0,10.486270718232046,46.604788213628,8.13959444542333,0.32088078006542803,0.0126218822294707
Brooklyn,East Flatbush/Farragut,358,10423.17,29.115,24.0,8.311899441340781,38.40418994413408,12.94570213378113,0.5721183808689048,0.012482413917542847
Brooklyn,Crown Heights South,343,10487.11,30.574664723032072,27.0,5.694081632653061,35.846598639455785,8.290368567075117,1.8890416722622778,0.011959407747813398
Brooklyn,Bay Ridge,340,14131.81,41.56414705882353,39.0,9.201176470588235,36.83906862745098,20.56488494678126,2.6241307059759413,0.011854806513867508
Brooklyn,Carroll Gardens,327,10018.08,30.63633027522936,28.54,255.4160244648318,19.192150866462793,10.786484243787665,13.945678879681743,0.011401534500101985
Brooklyn,Ocean Hill,324,10566.79,32.61354938271605,28.43,6.808055555555556,37.06759259259259,9.190430684593911,0.9807711530737286,0.011296933266156096
Bronx,East Concourse/Concourse Village,300,9533.89,31.779633333333333,29.5,6.527733333333333,38.844944444444444,10.941976422580714,0.6823835217943746,0.010460123394588978
Brooklyn,Prospect Heights,298,9192.29,30.846610738255038,25.895,4.970771812080537,25.323881431767337,16.190240566179646,11.621231578437243,0.010390389238625052
Queens,Saint Albans,295,12646.71,42.87020338983051,45.0,10.606508474576271,49.65209039548023,7.468665483329334,0.09590245221781463,0.010285788004679162
Brooklyn,Red Hook,282,15563.97,55.191382978723404,47.88,9.726666666666667,32.1539598108747,24.088886855312328,8.27038193701695,0.00983251599091364
Bronx,West Concourse,278,8344.31,30.0155035971223,25.259999999999998,5.598776978417266,29.48938848920863,20.59413282389563,2.0613137114547544,0.009693047678985786
Brooklyn,Coney Island,276,12679.65,45.94076086956522,47.0,11.95036231884058,56.99444444444445,22.096619106058476,0.2795951413309577,0.00962331352302186
Queens,Springfield Gardens North,274,11151.57,40.699160583941605,38.0,9.207883211678832,41.01338199513382,11.181399647006899,1.4678260459749448,0.009553579367057932
Queens,Kew Gardens,265,14730.289999999999,55.586,44.0,6.481622641509435,23.047547169811324,219.31818140443525,8.03260367934312,0.009239775665220263
Brooklyn,Bushwick North,261,8235.3,31.552873563218387,30.0,5.41,25.30485312899106,13.708846892838048,5.408680423688476,0.009100307353292411
Queens,Maspeth,248,12537.82,50.55572580645161,37.504999999999995,5.6127419354838715,20.095967741935485,28.005096713781395,18.20495786459165,0.008647035339526888
Bronx,Soundview/Castle Hill,248,8761.93,35.330362903225804,34.0,8.094395161290324,38.900201612903224,12.609811558462509,0.3518206122374724,0.008647035339526888
Queens,Far Rockaway,242,12936.36,53.45603305785124,51.805,14.47214876033058,64.31349862258953,7.615687575456738,0.0,0.008437832871635109
Bronx,Melrose South,241,7188.7699999999995,29.828921161825726,25.0,5.74746887966805,34.30926694329184,19.703126400575403,0.8668938398304057,0.008402965793653147
Bronx,Morrisania/Melrose,239,7884.32,32.98878661087866,33.0,6.49673640167364,38.02161785216178,12.922292438765666,0.08804495861414227,0.008333231637689219
Brooklyn,Starrett City,237,9505.52,40.10767932489452,35.0,8.773037974683545,44.450773558368496,9.461861952703602,0.14827341738857752,0.008263497481725293
Queens,Corona,236,11194.55,47.434533898305084,35.0,6.928093220338983,29.89915254237288,11.196742993874064,6.128578345634666,0.00822863040374333
Bronx,University Heights/Morris Heights,233,8217.64,35.26884120171673,34.0,7.785150214592275,37.182904148783976,13.99889300551757,0.7061122108459751,0.00812402916979744
Brooklyn,Midwood,223,7043.66,31.58591928251121,28.0,6.642914798206277,44.599999999999994,8.969196304254957,0.3439362720786805,0.007775358389977807
Brooklyn,East New York/Pennsylvania Avenue,221,7938.78,35.9220814479638,33.0,8.284117647058823,46.79057315233786,5.935288926061394,0.06620466022061193,0.007705624234013881
Queens,Queens Village,220,9551.38,43.41536363636363,47.0,11.059545454545454,43.57871212121213,7.42264111177628,0.8103839082274515,0.007670757156031917
Queens,Hammels/Arverne,216,10874.85,50.34652777777778,49.2,13.486851851851851,60.761805555555554,6.057398303982537,0.4713975800899124,0.007531288844104064
Manhattan,Inwood,215,7650.88,35.585488372093025,30.96,7.229860465116279,32.12186046511628,28.98554198230686,2.986404379478846,0.0074964217661221
Queens,Flushing,211,8218.94,38.95232227488152,37.0,8.050189573459715,34.680331753554505,32.263507221621865,3.147525242925249,0.007356953454194248
Queens,Rego Park,206,8777.64,42.60990291262136,34.0,6.299611650485437,26.919660194174757,98.53676271131052,6.275807283341037,0.007182618064284431
Brooklyn,Borough Park,203,6752.45,33.26330049261084,29.0,6.831330049261084,43.7871921182266,18.766918488404926,1.1032675263523437,0.007078016830338542
Bronx,Parkchester,202,7274.5199999999995,36.01247524752475,36.0,8.04990099009901,40.37425742574258,11.3789987440117,0.272749642439536,0.007043149752356579
Brooklyn,Sheepshead Bay,194,8313.62,42.85371134020619,45.0,10.191958762886598,53.23651202749141,11.421151063827885,0.13954481752385337,0.006764213128500873
Bronx,Williamsbridge/Olinville,191,7948.7699999999995,41.616596858638744,39.94,9.965549738219895,44.1349040139616,9.125738005510943,1.5256237027216806,0.006659611894554983
Brooklyn,Marine Park/Mill Basin,188,7707.56,40.99765957446809,30.5,8.995851063829788,44.028900709219855,8.560256143405017,1.9339855936807402,0.0065550106606090935
Brooklyn,Sunset Park West,183,7451.7699999999995,40.72005464480874,39.0,8.550273224043716,35.257012750455374,29.05687688658917,4.75512877058172,0.006380675270699277
Queens,Ridgewood,182,5869.37,32.24928571428571,28.165,5.549065934065934,27.33910256410256,12.209581919933566,4.389092522405571,0.006345808192717314
Bronx,Mount Hope,177,5508.38,31.120790960451977,29.0,6.460677966101695,34.56544256120527,9.012782916514922,0.2638012224888331,0.0061714728028074975
Bronx,East Tremont,175,6039.3,34.510285714285715,31.0,7.641485714285714,40.02066666666667,7.943559969954432,0.3023571091831468,0.006101738646843571
Brooklyn,Erasmus,174,5583.43,32.08867816091954,26.0,6.104367816091955,38.997030651341,72.91413252973734,0.7281742395049188,0.006066871568861608
Brooklyn,Cypress Hills,173,6075.07,35.11601156069364,32.0,7.377861271676301,38.68709055876686,43.14233924650126,4.3533977449800405,0.006032004490879644
Bronx,Van Nest/Morris Park,170,5874.56,34.55623529411765,29.0,7.4860588235294125,37.36411764705882,8.891449351429399,0.830578641313802,0.005927403256933754
Queens,Rosedale,170,7944.96,46.735058823529414,42.0,10.123882352941177,38.63127450980392,16.075285428695867,1.9047265445888644,0.005927403256933754
Bronx,Bedford Park,162,6566.17,40.531913580246915,43.5,9.5,41.98168724279836,8.370518917111697,0.5565415876764704,0.005648466633078048
Queens,Hillcrest/Pomonok,161,5160.45,32.05248447204969,31.0,6.518447204968944,32.866252587991724,11.698752186335897,2.66118645572177,0.005613599555096085
Bronx,Claremont/Bathgate,153,5199.54,33.98392156862745,33.0,7.0350326797385625,37.91132897603486,11.333378741913254,0.2073634445855192,0.005334662931240379
Queens,Woodhaven,149,5498.93,36.90557046979866,34.0,7.715503355704698,40.94608501118568,28.071476811920302,0.3957081416871022,0.005195194619312526
Bronx,Highbridge,145,4680.8,32.28137931034483,31.0,6.507379310344828,34.07586206896552,11.481815766716744,3.2364697294333835,0.005055726307384672
Queens,Jamaica Estates,145,5352.82,36.916,41.0,8.901310344827587,41.652068965517245,12.062502080637913,1.2781287839935886,0.005055726307384672
Brooklyn,Gowanus,143,4670.11,32.65811188811188,31.08,6.059510489510489,28.04731934731935,12.94417867557084,7.344513165692214,0.0049859921514207465
Brooklyn,Bensonhurst West,141,5243.28,37.1863829787234,41.0,7.733404255319149,44.814420803782504,65.03251962767429,0.7296017705732487,0.00491625799545682
Brooklyn,Brighton Beach,140,6298.94,44.99242857142857,46.0,10.751000000000001,53.78369047619047,10.354159536851908,0.27759314735068336,0.004881390917474857
Queens,Elmhurst/Maspeth,140,5370.9,38.363571428571426,28.0,5.199571428571428,20.62095238095238,37.756007779469066,6.311534794422018,0.004881390917474857
Bronx,Van Cortlandt Village,139,5342.94,38.438417266187045,37.0,8.850791366906474,40.84460431654676,6.999605241153244,0.2885218706755026,0.004846523839492893
Brooklyn,Homecrest,138,4831.08,35.00782608695652,29.0,8.001449275362319,42.4768115942029,8.345504216188386,1.8056740494507504,0.00481165676151093
Queens,Laurelton,136,6034.3,44.369852941176475,43.5,11.44389705882353,52.29595588235294,6.543700660682171,0.5569200036643512,0.004741922605547003
Brooklyn,South Williamsburg,133,4051.64,30.46345864661654,28.26,5.351804511278195,25.509022556390978,12.318220411393517,5.838539247056258,0.004637321371601113
Bronx,Spuyten Duyvil/Kingsbridge,128,4920.53,38.441640625,35.0,8.590546875,36.62083333333334,100.65704917185747,1.808144677777688,0.004462985981691298
Bronx,Norwood,125,5186.68,41.49344,41.0,10.01976,47.86986666666667,11.352981737262684,0.29023907954667094,0.004358384747745408
Brooklyn,Bensonhurst East,121,4386.23,36.2498347107438,29.0,7.64404958677686,41.80798898071625,17.74028651153118,0.7119071791527968,0.004218916435817554
Manhattan,Roosevelt Island,119,4156.61,34.92949579831932,29.0,5.673697478991596,25.734733893557422,29.837812234177466,9.258502063037247,0.004149182279853628
Queens,Kew Gardens Hills,119,4641.5599999999995,39.00470588235294,38.0,7.885966386554621,34.67086834733893,97.28588239966096,2.063963517842781,0.004149182279853628
Bronx,West Farms/Bronx River,117,3843.04,32.846495726495725,29.54,7.349230769230769,34.32293447293447,17.906664030139307,0.2584928608320421,0.004079448123889702
Bronx,Kingsbridge Heights,117,4310.24,36.83965811965812,35.0,8.200598290598291,42.61609686609686,15.184641527840647,1.1254249957115718,0.004079448123889702
Queens,Cambria Heights,115,5334.67,46.3884347826087,49.0,10.788347826086957,43.010289855072465,9.003988581602684,0.559550543535172,0.004009713967925775
Bronx,Eastchester,112,4620.57,41.255089285714284,42.0,9.663482142857143,44.86145833333334,11.777731238536807,0.0,0.003905112733979885
Queens,Howard Beach,111,5528.74,49.80846846846847,39.09,9.705495495495494,33.693693693693696,35.6491687748273,3.3490764228736234,0.003870245655997922
Brooklyn,Madison,110,3948.84,35.898545454545456,33.5,8.114272727272727,46.30121212121212,6.17380358697171,0.0,0.0038353785780159584
Brooklyn,Kensington,109,3580.81,32.85146788990826,27.0,6.701376146788991,34.211467889908256,8.584885236495015,4.778125132196149,0.0038005115000339955
Brooklyn,Gravesend,109,4866.33,44.645229357798165,47.0,11.09697247706422,53.7631498470948,6.356313609152296,0.3864772092792676,0.0038005115000339955
Bronx,Pelham Parkway,108,3455.72,31.997407407407405,30.0,6.438148148148149,33.446296296296296,10.948046610017924,0.4120704424389582,0.003765644422052032
Bronx,Soundview/Bruckner,108,3693.7799999999997,34.20166666666666,32.769999999999996,7.9125,37.80123456790123,19.05089931298237,0.0,0.003765644422052032
Bronx,Belmont,104,3924.65,37.737019230769235,37.875,8.591826923076923,43.649198717948714,19.76180155388856,0.4732670056161196,0.003626176110124179
Bronx,Crotona Park East,102,3323.76,32.58588235294118,30.0,7.156764705882353,35.78839869281045,18.399678696798336,0.21786492374727667,0.003556441954160252
Bronx,Bronxdale,101,3699.21,36.625841584158415,37.0,8.344158415841584,44.07524752475248,11.218789779896069,0.0,0.0035215748761782896
Bronx,Woodlawn/Wakefield,98,4301.01,43.88785714285714,47.0,10.700102040816326,48.34540816326531,6.425876416755678,0.0,0.0034169736422324
Brooklyn,Sunset Park East,96,3380.11,35.20947916666667,30.5,7.187604166666667,45.61822916666667,13.128244485972905,1.9310446769508889,0.003347239486268473
Brooklyn,Dyker Heights,94,4042.61,43.00648936170213,38.94,8.918191489361703,45.05921985815603,14.036042248986139,2.390432248772262,0.0032775053303045467
Bronx,Schuylerville/Edgewater Park,92,3671.44,39.90695652173913,39.0,9.169347826086957,38.74728260869565,6.268934918094523,1.3714842064360329,0.00320777117434062
Queens,Ozone Park,90,3308.4,36.76,30.5,6.834666666666667,32.46370370370371,49.707086576545784,2.2418266678161696,0.0031380370183766936
Manhattan,Randalls Island,89,6183.88,69.48179775280899,80.94,5.73561797752809,16.796629213483147,74.04946864512686,15.536612733427232,0.00310316994039473
Bronx,Westchester Village/Unionport,88,2878.64,32.71181818181818,31.0,7.198522727272728,35.942234848484844,8.506941020125613,1.1485423313016556,0.003068302862412767
Bronx,Longwood,87,2942.15,33.81781609195402,29.94,6.840919540229884,40.784099616858235,9.176005165479232,0.41892592072725887,0.003033435784430804
Bronx,Hunts Point,84,2818.83,33.5575,31.740000000000002,6.979166666666667,34.61904761904762,12.032817462796396,1.119802162897373,0.0029288345504849137
Bronx,Allerton/Pelham Gardens,82,3708.59,45.22670731707317,44.47,9.67,42.755487804878044,19.10455599493599,0.2732181406576711,0.0028591003945209873
Bronx,Riverdale/North Riverdale/Fieldston,82,3145.45,38.359146341463415,40.0,9.33548780487805,36.5900406504065,5.892910437769292,0.7055263614331319,0.0028591003945209873
Bronx,Fordham South,80,2657.86,33.22325,29.975,7.0785,38.04770833333333,7.321546293547357,0.26587809036658144,0.0027893662385570605
Queens,Middle Village,77,3378.35,43.87467532467532,33.0,6.9138961038961035,28.48181818181818,23.8982690913209,5.928336324655992,0.0026847650046111712
Queens,Rockaway Park,69,3281.68,47.56057971014493,48.45,12.979420289855073,55.14830917874396,19.775636420988945,0.10735373054213633,0.002405828380755465
Brooklyn,Manhattan Beach,69,3066.57,44.44304347826087,41.9,10.038115942028986,45.481159420289856,33.86916338476828,2.874494691411832,0.002405828380755465
Queens,Glendale,66,2075.27,31.443484848484847,28.0,5.483636363636364,28.7760101010101,15.468788059347046,30.030221195475953,0.0023012271468095752
Queens,Bayside,66,2562.41,38.824393939393936,38.18,8.56090909090909,36.71439393939394,26.465019312364102,9.515136250206309,0.0023012271468095752
Queens,Bellerose,65,2837.39,43.652153846153844,43.0,9.42723076923077,33.35102564102564,27.83772705440699,2.129136941604817,0.0022663600688276123
Brooklyn,Windsor Terrace,65,2260.0099999999998,34.76938461538461,36.0,7.482153846153846,32.04282051282051,7.599761332364733,9.890197132313848,0.0022663600688276123
Queens,Hollis,64,2380.6,37.196875,39.0,8.3284375,43.688802083333336,9.367901412219746,0.0,0.002231492990845649
Queens,North Corona,61,2008.3899999999999,32.92442622950819,32.0,6.310655737704918,28.808196721311475,8.609645281065902,2.850760561619944,0.002126891756899759
Queens,Queensboro Hill,59,2035.65,34.50254237288136,31.0,6.949322033898305,27.2545197740113,36.66378096463541,1.2543988643139732,0.0020571576009358323
Queens,Whitestone,59,2560.23,43.39372881355932,37.06,7.813898305084745,27.65367231638418,10.076678320651773,7.377827454342357,0.0020571576009358323
Queens,Murray Hill-Queens,58,2109.37,36.368448275862065,38.34,7.734310344827586,35.68477011494253,26.154501127427313,0.0,0.002022290522953869
Queens,Fresh Meadows,57,2260.68,39.66105263157895,41.0,8.70017543859649,38.08216374269006,40.25249599955148,1.3849616419627184,0.001987423444971906
Brooklyn,Brooklyn Navy Yard,54,1700.03,31.482037037037035,30.88,5.736666666666666,23.762654320987654,12.345272267886555,8.230196234190243,0.001882822211026016
Brooklyn,Bath Beach,54,2227.49,41.24981481481481,46.0,8.95888888888889,42.635185185185186,6.458634519442963,3.7486094411353483,0.001882822211026016
Brooklyn,Ocean Parkway South,53,1819.9,34.33773584905661,35.0,6.756792452830189,37.94591194968553,29.508867790680547,1.0120008375142788,0.0018479551330440526
Brooklyn,Columbia Street,52,2253.15,43.329807692307696,33.239999999999995,6.648653846153847,27.207371794871793,57.94368204876214,7.744316331847449,0.0018130880550620895
Brooklyn,Marine Park/Floyd Bennett Field,52,1989.51,38.25980769230769,28.04,6.149230769230769,15.622115384615386,54.973885220781646,18.29330869479286,0.0018130880550620895
EWR,Newark Airport,50,4860.04,97.2008,108.6,5.9988,7.589333333333332,2501.1978946885915,11.399163623881625,0.0017433538990981631
Queens,Auburndale,48,1649.13,34.356875,38.5,7.430625,31.00451388888889,7.250086581206545,1.5262599336650882,0.0016736197431342365
Queens,Oakland Gardens,47,1643.94,34.97744680851064,35.0,8.313617021276595,32.770921985815605,12.692362411144648,0.0,0.0016387526651522734
Brooklyn,Prospect Park,44,1354.19,30.777045454545455,25.0,4.796136363636363,26.93106060606061,7.991707847626734,9.18489493568864,0.0015341514312063834
Manhattan,Marble Hill,43,1459.15,33.93372093023256,28.3,7.65093023255814,33.96046511627907,6.0950971720112355,2.246999150665098,0.0014992843532244202
Queens,Saint Michaels Cemetery/Woodside,43,2118.48,49.266976744186046,52.5,5.444651162790698,15.709302325581396,104.00434986649408,25.797581791010302,0.0014992843532244202
Queens,Douglaston,43,1708.35,39.72906976744186,40.0,8.22906976744186,22.949612403100776,31.673757184672453,2.623136884760421,0.0014992843532244202
Queens,Glen Oaks,40,1572.07,39.30175,34.575,9.368,33.147083333333335,7.878404626666698,0.5122123167592973,0.0013946831192785303
Bronx,Pelham Bay,37,1534.48,41.472432432432434,40.0,10.494864864864866,43.3509009009009,4.584675897720325,0.0,0.0012900818853326407
Queens,East Flushing,37,1418.08,38.32648648648649,40.0,8.044324324324323,37.5027027027027,63.09343724907494,1.6510535411386098,0.0012900818853326407
Queens,College Point,37,1698.58,45.90756756756757,41.0,8.801621621621623,31.87342342342342,9.333442015804575,4.157025244503448,0.0012900818853326407
Queens,Bay Terrace/Fort Totten,32,1286.08,40.19,37.825,8.495,33.20677083333333,120.54452805386029,1.8656522578955026,0.0011157464954228244
Manhattan,Inwood Hill Park,20,828.27,41.4135,44.15,8.682500000000001,31.23333333333333,7.1650564987009675,4.181208285669054,0.0006973415596392651
Staten Island,Arrochar/Fort Wadsworth,18,717.9,39.88333333333333,20.08,3.960555555555555,7.351851851851851,79.05365333169279,2.8246226460530752,0.0006276074036753387
Bronx,Van Cortlandt Park,17,708.16,41.656470588235294,43.94,10.211176470588235,54.23725490196078,28.266480111450345,0.0,0.0005927403256933754
Manhattan,Highbridge Park,13,764.25,58.78846153846154,48.42,4.686153846153847,13.803846153846154,515.0797484460279,7.699189377182113,0.00045327201376552237
Queens,Astoria Park,11,974.88,88.62545454545455,78.25,9.934545454545455,21.568181818181817,15.061652300678736,14.56655965011725,0.00038353785780159585
Queens,Forest Park/Highland Park,11,577.15,52.46818181818182,54.5,6.47090909090909,14.32121212121212,200.156321254839,13.051657978939659,0.00038353785780159585
Queens,Willets Point,11,451.94,41.085454545454546,29.9,6.716363636363636,16.721212121212123,7.79777489075369,1.0737294201861132,0.00038353785780159585
Bronx,City Island,7,283.94,40.56285714285714,40.0,10.285714285714286,40.845238095238095,4.907876992774442,0.0,0.00024406954587374282
Queens,Breezy Point/Fort Tilden/Riis Beach,6,276.01,46.001666666666665,43.505,8.65,25.91944444444444,6.874676073625309,0.0,0.00020920246789177957
Bronx,Country Club,5,271.18,54.236000000000004,40.0,10.052,24.863333333333337,9.573182672491603,9.846385580863556,0.00017433538990981628
Bronx,Bronx Park,5,226.25,45.25,42.35,12.384,47.053333333333335,3.910001090331672,0.0,0.00017433538990981628
Staten Island,Heartland Village/Todt Hill,4,503.56,125.89,129.47,18.4775,48.4,8.883554377646806,1.3812154696132597,0.00013946831192785305
Staten Island,Saint George/New Brighton,4,239.87,59.9675,49.465,10.5,20.529166666666665,65.6484224827353,0.0,0.00013946831192785305
Staten Island,South Beach/Dongan Hills,4,142.61,35.6525,36.305,9.3175,22.320833333333333,3.893232117054798,0.0,0.00013946831192785305
Queens,Broad Channel,3,109.95,36.65,35.76,11.5,56.01666666666667,3.5615316713512564,0.0,0.00010460123394588978
Queens,Jamaica Bay,3,178.59,59.53,46.9,12.756666666666668,24.383333333333336,4.611428861378902,11.865729898516783,0.00010460123394588978
Bronx,Pelham Bay Park,2,79.0,39.5,39.5,9.9,60.83333333333333,4.147967479674796,0.0,6.973415596392653e-05
Staten Island,Westerleigh,2,146.57999999999998,73.28999999999999,73.28999999999999,15.025,32.05833333333334,4.632386363636363,17.521367521367523,6.973415596392653e-05
Staten Island,Grymes Hill/Clifton,2,95.16999999999999,47.584999999999994,47.584999999999994,10.73,16.458333333333332,42.74150105745197,10.878537735849056,6.973415596392653e-05
Bronx,Crotona Park,2,103.44,51.72,51.72,12.475000000000001,36.69166666666667,4.146958598212269,0.0,6.973415596392653e-05
Staten Island,New Dorp/Midland Beach,2,200.0,100.0,100.0,18.060000000000002,31.916666666666668,5.6552106378081834,31.15714285714286,6.973415596392653e-05
Staten Island,Oakwood,2,123.05,61.525,61.525,13.245,29.21666666666667,5.225024865283306,18.656716417910445,6.973415596392653e-05
Staten Island,Bloomfield/Emerson Hill,2,30.400000000000002,15.200000000000001,15.200000000000001,2.15,11.416666666666668,9.204954954954955,0.0,6.973415596392653e-05
Staten Island,West Brighton,1,5.9,5.9,5.9,0.34,2.1166666666666667,17.352941176470587,0.0,3.4867077981963264e-05
Staten Island,Stapleton,1,1.0,1.0,1.0,0.4,2.5833333333333335,2.5,0.0,3.4867077981963264e-05
Staten Island,Great Kills,1,111.48,111.48,111.48,16.06,28.716666666666665,6.941469489414696,25.8019719483405,3.4867077981963264e-05
Staten Island,Rossville/Woodrow,1,77.71,77.71,77.71,29.58,39.8,2.6271129141311698,0.0,3.4867077981963264e-05
Staten Island,Mariners Harbor,1,58.0,58.0,58.0,12.92,32.93333333333333,4.489164086687307,0.0,3.4867077981963264e-05
Staten Island,Charleston/Tottenville,1,354.23,354.23,354.23,57.2,82.63333333333334,6.192832167832168,22.24536160545248,3.4867077981963264e-05
Manhattan,Governor's Island/Ellis Island/Liberty Island,1,18.48,18.48,18.48,1.41,10.383333333333333,13.106382978723405,27.017543859649123,3.4867077981963264e-05
Bronx,Rikers Island,1,10.9,10.9,10.9,0.4,1.2,27.25,0.0,3.4867077981963264e-05
Brooklyn,Green-Wood Cemetery,1,90.0,90.0,90.0,5.3,0.38333333333333336,16.9811320754717,0.0,3.4867077981963264e-05
